"exam_total","NA_total","MissedLecNum","q53","q54","q55","q56","q57","q58","q59","q60","q61","q62","q63","q64","q65","q66","q67","q68","q69","q70","q71","q72","q73","q74","q75","q76","q77","q78","q79","q80","q81","q82","q83","q84","q85","q86","q87","q88","q89","q90","q91","q92","q93","q94","q95","q96","q97","q98","q99","q0","q1","q2","q3","q4","q5","q6","q100","q101","q102","q103","q104","q105","q106","q107","q108","q109","q110","q111","q112","q113","q114","q115","q116","q117","q118","q119","q120","q121","q122","q123","q124","q125","q126","q127","q128","q129","q130","q131","q132","q133","q134","q135","q136","q7","q8","q9","q10","q11","q12","q137","q138","q139","q140","q141","q142","q143","q144","q145","q146","q147","q148","q149","q150","q151","q152","q153","q154","q155","q156","q157","q158","q159","q160","q161","q162","q163","q13","q14","q15","q16","q17","q18","q19","q20","q21","q22","q23","q24","q25","q26","q27","q28","q29","q30","q31","q32","q33","q34","q35","q36","q37","q38","q39","q40","q41","q42","q43","q44","q45","q46","q47","q48","q49","q50","q51","q52"
1.23078536524278,1,0,5,5,3,3,3,3,1,1,3,3,3,3,1,2,3,1,4,4,3,3,4,2,1,2,2,1,2,2,4,5,5,5,3,5,5,4,2,2,1,1,1,2,1,2,2,3,5,5,4,4,4,1,6,3,3,3,2,2,3,3,3,4,4,2,1,1,3,3,4,4,4,3,3,1,1,1,4,4,2,4,4,3,3,5,5,4,2,2,2,2,3,3,3,2,2,2,2,4,4,3,3,4,4,2,2,1,1,3,5,5,3,3,4,3,1,1,1,1,2,1,1,2,2,2,2,2,3,3,3,1,1,4,4,3,3,1,1,1,5,5,4,1,1,1,1,4,4,1,1,2,1,2,2,5,1,2,2,3,3,2,2,1,3,1
-1.47814977878878,31,5,5,5,3,3,3,3,3,3,3,2,3,1,1,2,3,3,4,6,2,3,4,2,1,2,2,2,6,6,6,6,6,2,2,4,4,5,6,6,3,3,2,1,1,3,6,3,2,4,6,6,6,2,2,3,6,6,4,2,3,4,3,1,4,3,3,2,3,3,4,4,3,1,2,1,1,1,6,6,6,4,4,3,3,4,4,4,2,2,2,3,3,2,6,2,2,3,3,6,6,2,3,2,2,6,6,6,6,6,5,5,5,3,4,3,2,6,3,1,2,4,1,6,6,6,2,2,3,3,3,1,1,4,4,3,3,1,1,1,1,6,4,4,1,4,2,1,1,2,1,1,1,4,2,1,1,2,2,4,2,3,2,1,3,2
-0.103466272862317,18,3,5,5,4,4,3,3,1,1,3,2,3,1,2,2,2,1,1,1,3,3,4,2,1,4,2,3,4,4,2,4,4,3,3,3,2,6,6,6,6,6,6,6,6,3,3,4,2,4,4,4,4,1,1,3,3,3,6,6,6,6,6,6,6,6,6,6,4,2,1,1,4,3,3,1,4,4,2,2,1,3,4,3,3,5,4,4,2,2,4,4,3,3,3,2,2,2,2,4,4,2,3,1,1,2,2,2,3,2,5,5,5,2,2,3,1,1,2,2,2,2,2,2,2,3,2,2,3,5,3,1,1,1,1,3,3,1,4,4,1,1,4,5,2,2,2,1,2,1,1,2,2,2,2,1,1,2,2,1,3,2,2,3,3,1
-1.01992194347996,25,3,3,5,4,3,4,3,1,1,3,5,3,1,6,1,3,1,1,1,5,4,4,1,1,2,2,2,3,3,5,1,5,4,5,4,3,5,3,3,2,1,1,4,1,2,2,3,2,4,4,4,4,1,6,3,2,2,2,2,4,2,3,4,4,3,1,6,3,3,4,4,3,2,3,1,3,1,2,4,3,2,2,3,4,5,2,4,2,3,2,2,1,3,3,2,6,1,1,4,4,1,5,1,1,1,6,2,2,2,6,6,6,6,6,6,6,6,6,6,6,6,6,2,2,4,4,2,3,3,3,1,1,1,1,1,2,1,1,4,1,6,4,2,1,1,1,1,4,1,6,2,1,4,2,1,1,4,2,1,1,2,6,6,6,6
-0.912103629289647,45,6,1,5,3,3,3,3,1,1,3,5,3,2,1,3,3,1,4,1,4,3,4,4,1,1,2,3,6,6,6,6,6,5,5,3,4,4,3,3,3,3,1,4,1,2,2,1,1,6,6,6,6,6,6,6,1,1,6,6,6,2,3,5,4,3,1,1,3,3,4,4,4,3,3,1,1,1,4,4,2,3,4,1,3,5,1,3,6,6,6,6,6,3,6,4,2,3,6,6,6,6,6,6,6,1,2,1,3,3,4,4,3,6,6,6,6,6,6,6,6,6,6,1,3,2,2,2,5,3,3,1,1,4,4,2,2,1,1,6,1,6,5,5,6,2,6,1,1,1,6,1,2,2,2,1,6,2,2,3,3,2,2,3,3,3
1.78335422546812,40,8,5,5,4,4,3,3,1,1,3,3,3,1,1,6,6,6,6,6,6,6,6,2,1,2,2,2,2,2,4,5,5,6,6,6,6,6,3,3,1,2,2,2,1,3,3,5,5,4,6,3,3,2,2,3,2,2,6,6,6,3,3,4,4,2,4,4,6,6,6,6,6,3,3,1,1,1,4,4,2,6,6,6,6,6,6,6,2,2,5,5,4,3,3,2,2,2,2,4,4,3,3,4,4,6,6,6,6,6,6,6,6,6,6,6,1,1,1,1,2,2,2,2,2,2,2,2,3,3,3,1,1,2,2,1,2,1,4,1,5,5,4,1,1,1,1,1,4,1,1,2,1,2,2,1,1,2,2,1,1,2,2,4,4,3
-0.912103629289647,3,0,5,5,2,2,1,3,1,1,2,2,2,1,2,2,1,2,1,1,2,3,4,4,4,2,4,5,1,1,1,5,5,4,4,2,3,2,3,3,3,3,1,1,1,4,4,4,4,4,4,4,4,1,1,3,3,2,2,2,3,3,3,2,3,4,4,4,3,3,3,3,4,3,3,1,6,1,4,4,2,4,4,3,3,5,1,1,2,2,5,5,4,6,4,2,2,3,3,2,2,1,1,2,4,2,2,1,3,3,5,5,1,4,4,3,2,1,4,1,2,1,2,2,5,4,2,2,3,3,3,2,2,1,1,2,3,3,1,1,3,5,4,2,2,1,1,4,4,2,1,2,1,2,2,6,1,2,2,4,3,2,2,3,3,3
-0.696467000909026,26,4,5,5,3,3,4,4,3,1,3,3,3,1,1,2,3,3,1,1,3,3,4,2,1,2,2,4,2,2,2,2,5,5,5,3,5,4,3,3,2,2,1,1,3,3,3,4,5,6,6,6,6,6,6,6,2,2,2,2,4,1,1,2,4,3,4,4,3,3,3,4,3,3,3,1,1,1,4,4,2,4,5,5,3,4,4,4,2,2,2,2,3,6,6,6,6,6,6,5,5,3,3,4,4,2,2,1,3,3,6,6,6,2,3,3,2,1,3,1,2,2,1,3,3,3,6,6,6,6,6,6,6,6,6,3,3,2,4,1,1,5,1,1,1,1,1,1,4,1,1,2,2,2,2,1,1,2,2,1,1,1,2,2,2,3
1.5677175970875,0,0,5,5,3,3,3,3,1,1,3,3,3,1,1,3,3,1,1,1,3,3,4,3,1,2,2,1,4,2,4,5,5,5,3,5,5,4,3,3,1,1,2,2,1,2,2,1,5,4,4,4,4,1,1,3,3,3,2,2,3,3,3,4,4,2,1,1,3,3,4,4,4,3,3,1,1,1,4,4,2,4,4,3,3,5,2,4,2,2,2,2,3,3,3,2,2,2,2,4,4,3,3,4,4,2,2,1,1,3,5,5,5,3,4,3,1,1,1,1,2,2,2,2,2,2,2,2,3,3,3,1,1,4,4,2,2,1,1,1,5,5,4,1,1,1,1,4,4,1,1,2,1,2,2,2,1,2,2,1,1,1,1,3,3,1
1.72944506837297,142,25,6,6,6,6,6,6,6,6,6,6,6,6,6,6,6,6,1,1,3,3,4,1,1,4,2,1,6,6,6,6,6,6,6,6,6,6,6,6,6,6,6,6,6,6,6,6,6,4,6,4,6,1,6,3,6,6,6,6,6,3,3,4,4,2,4,1,6,6,6,6,6,6,6,6,6,6,6,6,6,6,6,6,6,6,6,6,6,6,6,6,6,3,3,2,6,4,6,6,6,6,6,6,6,6,6,6,6,6,6,6,6,6,6,6,6,6,6,6,6,6,6,6,6,6,6,6,6,6,6,6,6,6,6,2,3,1,1,1,5,6,4,6,6,6,6,6,6,6,6,6,6,6,6,6,6,6,6,6,6,6,6,6,6,6
-0.939058207837225,68,2,3,6,4,6,3,6,2,6,2,3,2,2,6,2,2,5,5,3,2,6,6,3,1,6,6,6,3,6,2,2,5,5,6,4,2,1,3,6,1,6,1,6,6,4,4,2,6,6,6,6,6,6,6,6,3,6,1,1,1,3,6,2,6,6,6,3,3,3,3,3,1,3,3,1,1,6,3,4,1,2,2,3,5,4,2,5,2,2,2,5,1,2,6,2,6,2,6,6,6,3,3,3,3,6,6,1,6,6,5,6,2,3,3,2,1,1,3,6,3,6,1,1,6,2,2,6,1,6,6,1,6,3,6,3,6,1,4,6,3,6,3,6,6,6,6,2,6,1,6,2,2,2,6,5,6,4,6,2,6,4,6,3,3,1
0.0852157769707273,29,3,5,5,3,6,3,3,1,1,3,3,3,3,2,6,6,6,5,6,3,6,3,2,1,5,4,4,3,3,2,5,6,3,1,4,4,5,2,3,2,4,2,3,1,3,3,1,1,5,6,4,6,1,6,3,6,6,2,2,3,3,3,4,4,4,1,1,3,3,4,4,4,3,3,1,1,1,4,4,2,2,4,3,3,5,4,4,2,2,5,2,3,4,6,2,6,4,2,4,4,1,3,1,6,5,5,1,4,3,6,6,6,2,4,3,2,1,4,4,2,1,1,2,2,4,4,6,3,6,3,1,6,1,1,2,6,1,4,4,5,6,4,5,1,3,1,1,1,1,6,2,2,2,2,5,5,2,2,6,6,4,4,1,3,1
0.435625298089237,63,9,5,5,3,3,4,4,1,1,3,3,3,1,1,3,3,1,1,1,3,3,4,1,1,2,2,2,2,2,4,5,5,5,5,3,3,4,3,3,3,3,2,2,1,3,3,1,5,6,6,6,6,6,6,6,3,3,1,1,1,1,1,3,3,2,1,1,3,3,4,4,3,3,3,1,1,1,4,4,2,4,4,3,3,4,4,4,2,2,2,2,3,6,6,6,6,6,6,4,4,3,3,4,4,2,2,1,3,3,4,4,3,4,4,3,1,1,4,4,2,4,4,6,6,6,6,6,6,6,6,6,6,6,6,6,6,6,6,6,6,6,6,6,6,6,6,6,6,6,6,6,6,6,6,6,6,6,6,6,6,6,6,6,6,6
-0.0765116943147389,28,4,3,6,4,3,3,3,1,1,3,4,3,1,1,1,3,3,4,1,3,3,5,4,3,4,2,3,4,4,4,3,5,4,5,3,3,4,2,3,3,3,5,3,1,2,3,1,1,4,4,4,4,1,1,3,1,6,2,5,5,2,2,2,1,3,3,2,3,2,4,4,3,6,6,6,6,6,4,4,1,6,6,6,6,6,6,6,3,3,2,2,3,1,3,4,2,4,2,4,4,3,1,4,4,3,4,1,1,3,2,2,3,6,6,6,6,6,6,6,6,6,6,6,6,6,3,2,2,3,3,1,1,5,4,1,3,1,3,1,5,5,4,4,3,2,3,2,2,4,1,2,2,2,2,1,1,1,4,4,4,3,6,2,2,2
0.0313066198755719,9,1,5,5,3,3,3,3,1,1,3,3,3,1,1,1,1,3,1,1,3,3,4,2,2,4,4,3,3,3,3,4,4,2,5,4,4,4,3,3,1,1,1,1,1,1,2,1,1,2,2,4,4,1,1,3,1,3,1,2,2,1,1,1,3,3,4,4,3,3,4,4,3,5,3,1,1,1,4,4,2,5,5,3,3,5,2,4,2,2,2,5,3,3,3,2,2,3,4,5,5,4,3,4,4,5,2,1,1,3,5,4,3,1,3,3,1,1,4,4,4,1,4,1,4,2,2,2,3,3,3,1,1,1,4,3,3,1,1,1,1,1,4,5,5,1,1,1,1,1,1,2,2,2,2,6,6,6,6,6,6,6,6,3,3,1
-1.61292267152667,71,13,2,5,4,4,6,6,1,1,3,1,1,1,1,2,1,1,6,6,6,6,6,1,3,2,2,3,1,3,3,3,5,1,1,5,4,4,3,3,3,6,3,2,2,6,6,6,6,3,5,4,4,1,1,3,2,3,2,3,4,6,6,6,6,6,6,6,4,3,4,4,3,2,3,2,1,1,3,4,2,6,6,6,6,6,6,6,6,6,6,6,6,3,3,4,2,3,2,6,6,6,6,6,6,6,6,6,6,6,6,6,6,3,4,3,1,1,2,3,2,2,2,6,6,6,6,6,6,6,6,6,6,6,6,6,6,6,6,6,6,6,6,6,6,6,6,1,4,2,2,2,2,2,2,4,1,2,2,2,2,2,2,1,3,3
1.29817181161172,18,1,3,5,4,3,3,6,1,1,3,3,3,1,1,3,3,1,1,6,3,3,4,1,1,4,2,1,4,4,4,1,5,5,5,5,5,4,3,3,1,1,2,2,1,2,2,5,4,4,6,4,6,1,6,3,3,3,2,2,3,1,1,4,4,2,1,4,3,3,3,4,4,3,3,1,1,1,4,4,2,4,4,3,3,5,4,4,2,2,2,2,3,3,6,2,6,3,6,6,6,6,6,6,6,2,2,1,3,3,4,4,3,4,4,3,1,1,1,1,2,4,4,2,2,2,2,6,5,3,3,2,1,4,4,2,2,1,1,1,5,6,4,1,1,2,6,4,4,1,1,2,2,2,2,1,6,2,2,3,3,2,2,3,3,1
-0.750376158004181,80,16,5,5,3,3,6,6,1,1,3,3,3,1,1,3,3,4,4,1,5,4,4,1,1,2,2,3,2,2,4,5,5,6,6,6,6,6,6,1,3,3,1,1,1,6,6,6,6,5,6,4,4,1,1,3,6,6,6,6,6,6,6,6,6,6,6,6,6,6,6,6,6,3,3,1,1,1,6,6,6,4,4,3,3,5,1,1,6,6,6,6,6,3,3,2,2,4,4,6,6,6,6,6,6,6,6,6,6,6,6,6,6,6,6,6,6,6,6,6,6,6,6,6,6,6,2,6,3,3,3,2,1,4,4,1,3,1,1,1,5,5,4,1,1,1,1,4,4,1,1,2,2,2,2,6,6,6,6,6,6,6,6,6,6,6
-0.265193744147783,16,1,2,5,3,3,4,3,1,1,3,3,3,1,1,1,1,3,1,6,1,3,4,2,3,2,4,1,3,3,3,5,5,5,5,3,3,4,4,3,2,3,4,2,1,1,2,3,3,4,6,4,6,1,6,3,3,2,2,2,3,3,3,5,5,3,2,2,3,3,6,3,4,2,2,1,1,1,4,4,2,2,4,3,3,4,4,4,2,2,2,2,3,3,6,2,2,1,1,5,4,3,3,4,4,6,6,6,6,6,5,5,3,4,4,3,2,2,3,1,2,1,1,2,2,2,2,2,5,3,3,1,6,2,4,3,3,3,4,4,5,5,4,3,3,2,4,4,6,2,6,2,1,2,2,1,1,4,2,1,1,4,4,5,3,1
-1.12774025767027,13,2,5,6,5,3,3,3,1,1,3,5,3,1,2,2,3,3,1,1,5,2,5,1,1,2,2,3,4,2,2,5,5,4,5,3,4,4,6,2,3,1,1,3,1,2,2,6,1,4,4,4,4,2,1,3,1,1,2,2,3,1,3,2,4,4,2,1,1,3,3,3,4,6,6,6,6,6,6,6,6,4,4,3,3,5,4,4,2,2,2,5,3,3,2,2,2,1,2,6,6,1,1,1,1,4,4,1,3,3,4,4,3,5,4,3,1,1,3,3,2,2,2,1,2,2,3,4,4,3,3,1,1,1,4,3,3,1,2,4,5,1,5,2,1,2,2,1,4,1,3,2,2,2,2,1,1,2,4,1,1,2,2,2,3,1
-2.12505966393064,136,22,6,6,6,6,3,3,6,6,6,6,6,6,6,6,6,6,6,6,6,6,6,3,3,4,6,4,6,6,6,6,6,6,6,6,6,6,6,6,6,6,6,6,6,6,6,6,6,6,6,3,3,4,4,1,6,6,6,6,6,6,6,6,6,3,3,3,2,6,2,2,3,6,6,6,6,6,6,6,6,6,6,6,6,6,6,6,3,6,3,3,2,6,6,6,6,6,6,6,6,6,6,6,6,6,6,6,6,6,6,6,6,6,6,6,6,6,6,6,6,6,6,6,6,6,6,6,6,6,6,6,6,6,6,1,2,3,3,6,6,3,5,6,6,6,6,6,6,6,6,6,6,6,6,2,6,2,3,4,3,2,6,3,3,2
-0.278671033421572,0,0,5,5,4,3,4,3,2,1,3,3,5,3,1,1,3,3,1,1,4,3,4,2,2,2,2,3,4,3,2,1,5,5,5,4,4,5,3,3,3,4,4,4,2,2,2,3,1,4,4,4,4,1,1,3,2,2,2,2,3,1,1,4,4,2,4,4,3,3,3,4,4,3,3,1,1,1,4,4,2,1,4,3,3,5,4,4,2,2,2,2,3,3,4,2,2,4,4,4,4,3,3,2,4,2,2,1,1,3,5,5,3,4,4,3,1,1,3,4,2,2,1,2,2,2,2,2,3,3,3,1,1,1,4,3,3,1,4,1,5,5,4,4,1,2,1,4,4,1,1,2,2,4,2,1,5,2,2,2,2,2,1,3,3,3
-0.211284587052627,10,2,5,5,3,3,3,4,1,1,3,3,3,1,1,2,1,1,1,1,3,3,4,2,2,4,4,4,2,2,2,1,1,5,5,3,4,4,2,2,1,1,2,2,1,2,2,2,3,1,5,4,4,1,1,3,2,2,2,2,1,6,6,6,6,6,6,6,3,3,4,4,3,3,3,1,3,3,4,4,2,3,3,3,3,2,3,3,2,2,5,2,3,3,3,2,2,2,2,1,1,1,1,4,4,2,5,1,3,3,5,5,1,2,2,3,2,2,3,3,2,1,2,6,6,6,2,2,2,2,2,1,1,1,1,1,3,3,4,4,5,5,4,1,1,1,1,1,1,1,1,2,1,2,2,5,5,2,2,2,2,2,2,2,2,1
-0.507784951075982,33,5,5,5,4,3,1,3,1,6,3,4,1,1,2,3,3,3,6,6,6,6,6,1,3,2,1,2,3,4,2,1,2,3,3,2,2,2,4,3,3,3,1,3,2,2,3,2,2,1,4,3,3,1,1,3,3,6,3,6,3,2,2,3,3,3,2,3,3,3,6,1,4,6,6,6,6,6,6,6,6,4,4,3,3,4,1,6,3,3,3,2,6,3,3,2,2,1,1,1,1,4,6,3,3,6,6,6,6,6,6,6,6,4,4,3,1,6,3,6,3,1,1,1,6,1,2,2,5,3,3,1,1,2,4,3,3,1,4,1,2,5,4,4,4,1,6,2,2,1,1,2,1,2,2,1,1,1,1,1,4,1,1,4,3,1
-0.912103629289647,4,1,5,5,3,3,2,4,3,3,3,5,3,2,3,2,2,2,3,3,3,3,4,4,2,4,4,3,2,2,2,1,1,2,2,2,2,5,3,3,3,3,1,1,2,4,4,1,1,4,4,4,4,1,1,3,6,6,3,2,3,3,1,2,2,2,4,1,3,3,3,4,3,2,3,1,1,1,4,4,2,4,3,3,3,5,4,4,2,2,2,2,3,3,3,2,2,2,4,1,4,3,3,4,4,2,2,1,3,3,4,4,3,2,2,3,1,1,1,1,2,2,2,6,2,2,2,2,3,3,3,1,1,1,4,3,2,1,4,4,1,1,1,3,4,3,4,2,4,2,2,1,2,2,2,2,1,4,4,2,3,4,2,3,3,3
-1.53205893588393,18,1,4,3,3,3,4,6,1,1,1,2,2,1,1,3,3,4,2,2,2,6,4,3,2,1,6,4,1,6,3,2,3,5,5,4,5,4,1,1,1,1,3,3,1,3,2,2,2,5,6,3,3,1,6,1,3,3,1,6,3,1,1,2,6,3,3,3,3,3,3,6,3,6,6,6,6,6,1,6,3,4,3,3,3,5,4,1,2,6,2,2,2,2,2,2,2,4,2,4,4,4,4,2,2,4,4,1,3,3,3,2,3,2,2,3,1,1,2,2,2,4,4,1,1,1,2,2,1,3,2,2,1,1,4,3,1,2,1,1,3,4,4,2,5,2,1,2,2,2,1,2,2,4,4,1,6,2,2,4,2,2,6,2,2,2
-0.0226025372195835,116,18,1,1,2,6,2,2,1,1,6,4,4,1,1,1,3,1,6,6,6,6,6,6,6,6,6,6,6,6,6,6,6,6,1,3,3,3,6,6,6,6,6,6,6,1,1,4,6,6,6,6,6,6,6,6,3,3,2,2,3,6,6,6,6,6,6,6,3,3,4,4,3,6,6,6,6,6,6,6,6,6,6,6,6,6,6,6,1,1,1,1,1,6,6,6,6,6,6,6,6,6,6,6,6,6,6,6,6,6,6,6,6,6,6,6,6,6,6,6,6,6,6,6,6,6,6,6,6,6,6,6,6,6,6,6,6,6,6,6,6,6,6,6,6,6,6,6,6,1,1,2,2,3,3,1,1,2,4,2,2,3,3,1,3,1
0.732125662112592,7,1,2,5,3,3,4,4,2,1,3,2,3,4,4,2,3,1,1,1,2,2,4,4,4,4,4,2,4,4,3,5,5,5,5,2,4,5,4,3,3,2,1,2,2,4,4,2,2,4,4,4,4,1,1,3,3,3,2,2,3,1,1,4,4,2,1,1,3,3,4,4,3,3,3,1,1,1,4,4,2,6,6,6,6,6,6,6,2,2,2,2,3,1,1,2,2,4,4,4,4,3,3,3,4,2,2,4,4,3,3,5,3,2,2,3,1,1,3,4,2,2,1,1,2,1,4,2,3,3,3,2,2,1,1,3,3,1,4,4,1,5,4,5,1,2,1,1,1,1,1,2,2,2,2,5,2,2,2,2,2,4,4,1,3,3
-1.50510435733636,52,6,6,5,3,3,2,3,1,1,3,5,5,2,3,6,2,2,3,3,3,3,4,4,2,4,4,3,2,2,2,1,1,2,2,2,2,5,3,3,3,3,1,1,2,4,4,1,1,6,6,6,6,6,6,6,6,6,3,2,3,1,1,6,2,3,1,3,3,6,6,4,4,2,3,1,1,1,4,4,2,4,3,3,3,5,4,4,2,2,2,3,3,6,6,6,6,6,6,4,4,3,3,4,4,2,2,1,3,3,4,4,3,2,2,3,1,1,1,1,2,2,2,6,2,2,6,6,6,6,6,6,6,6,6,6,6,6,6,6,6,6,6,4,5,1,2,6,6,6,6,6,6,6,6,2,1,4,4,2,2,4,2,3,3,1
-0.453875793980827,9,2,5,5,3,3,3,3,1,1,3,6,2,4,4,2,2,3,2,3,3,3,4,1,1,3,3,1,2,2,2,1,1,5,5,3,4,3,2,3,3,4,4,3,1,2,2,1,1,4,4,4,4,1,1,3,6,6,2,2,3,1,1,2,4,2,1,1,3,3,4,4,3,3,3,1,4,1,4,4,2,1,1,3,3,5,4,4,6,6,6,6,6,3,3,2,2,3,4,1,4,3,3,4,4,2,2,1,3,3,5,4,3,2,2,3,1,1,1,1,2,2,2,4,2,2,4,2,5,3,3,1,1,4,4,2,2,2,5,4,1,1,4,5,4,4,4,4,4,2,2,2,2,4,2,1,1,4,4,1,3,2,2,2,1,1
-0.615603265266293,84,12,1,1,3,3,2,1,6,6,6,6,6,6,6,2,3,1,5,1,3,3,4,6,6,6,6,6,4,4,2,2,6,5,5,2,2,3,3,4,4,4,4,2,2,2,6,1,1,6,6,6,6,6,6,6,3,6,2,2,4,6,6,6,6,6,6,6,3,3,3,3,1,3,3,1,1,1,6,6,6,1,1,3,3,4,4,4,6,6,6,6,6,6,6,6,6,6,6,6,6,6,6,6,6,6,6,6,6,6,5,5,4,6,6,6,6,6,6,6,6,6,6,6,6,6,4,4,2,2,3,1,6,2,2,4,4,1,4,1,1,6,4,4,6,4,6,6,6,6,6,6,6,6,6,1,6,4,2,1,1,4,4,3,3,1
1.16339891887383,1,0,3,3,3,3,3,3,1,1,3,3,3,3,1,1,3,1,1,1,3,3,4,1,1,2,2,1,3,2,4,5,5,5,5,4,5,4,3,3,1,1,4,5,1,3,2,3,3,5,5,4,4,1,1,3,3,3,1,2,3,1,1,4,4,2,2,1,3,3,4,4,4,3,3,1,1,1,4,4,2,1,1,3,3,5,4,4,2,2,2,2,3,3,3,2,6,2,2,4,4,3,3,4,4,4,2,1,1,3,4,4,3,3,4,3,1,1,3,1,2,1,2,1,3,2,2,2,3,3,3,1,1,4,4,2,3,2,1,1,5,5,4,1,1,1,1,4,4,1,1,2,1,2,2,1,1,4,2,4,2,4,2,3,3,1
-0.939058207837225,89,12,6,6,6,6,6,6,3,1,3,3,3,1,1,1,1,2,1,1,1,4,2,6,6,5,2,5,2,1,3,5,5,3,1,3,3,3,6,6,6,6,6,6,6,3,2,1,1,6,6,6,6,6,6,6,2,3,6,6,6,4,4,2,2,3,3,1,2,3,4,4,3,3,3,1,1,1,4,4,2,5,1,3,3,4,4,4,6,6,2,2,3,6,6,6,6,6,6,4,4,3,3,4,4,6,6,6,4,3,5,5,4,6,3,5,6,6,3,2,1,2,2,6,6,6,6,6,6,6,6,6,6,6,6,6,6,6,6,6,6,6,6,6,6,6,6,6,6,6,6,6,6,6,6,6,6,6,6,6,6,6,6,3,3,5
0.839943976302903,13,4,5,5,3,3,4,3,1,1,3,3,3,3,1,3,3,3,1,1,3,3,4,1,1,2,2,1,3,1,3,2,5,5,3,4,5,4,1,3,2,1,3,2,1,2,2,4,1,4,4,4,4,1,1,3,6,6,2,2,1,4,4,2,3,2,2,1,3,3,3,3,4,3,3,1,1,1,6,6,6,4,4,3,3,3,5,4,4,2,2,2,3,3,3,2,2,2,2,4,4,1,1,1,1,4,4,1,1,4,6,6,6,2,2,1,2,1,1,1,2,5,1,6,6,6,2,2,3,3,3,1,1,2,4,1,1,1,1,1,5,5,4,5,1,2,1,4,4,1,1,2,1,2,2,1,6,2,2,2,3,2,2,3,3,1
-2.28678713521611,37,5,2,1,2,6,1,3,2,6,2,2,2,3,3,3,3,3,2,2,1,1,3,6,6,6,6,6,2,2,2,2,2,2,2,2,2,2,3,3,2,2,3,3,3,6,6,6,6,2,4,4,4,2,6,3,6,6,3,3,1,6,3,4,4,3,2,2,2,3,1,6,3,2,3,2,3,3,2,4,3,6,6,4,6,3,3,3,2,2,3,3,3,2,3,2,2,3,2,6,6,6,6,6,6,6,6,6,6,6,6,4,3,2,4,2,1,1,2,4,3,3,3,2,2,2,3,3,4,4,2,2,2,3,2,3,3,3,3,3,6,3,3,2,2,6,2,1,4,1,6,1,1,2,2,4,1,3,2,1,1,3,2,3,3,3
0.00435204132799419,9,1,2,2,5,3,6,6,1,1,2,4,3,3,1,3,3,3,4,1,3,3,4,1,1,2,2,1,2,2,2,5,6,6,5,4,4,4,3,3,3,1,1,1,1,4,2,1,1,5,5,4,4,4,1,3,3,2,4,2,3,2,2,3,2,2,1,1,3,3,3,3,3,3,3,1,1,1,4,4,2,4,4,3,3,5,4,4,2,2,5,5,3,4,4,2,2,4,4,6,6,3,3,4,4,6,1,4,3,3,5,5,2,6,6,4,1,2,4,4,2,1,1,2,1,1,2,2,3,3,3,1,1,1,1,3,3,2,4,4,5,5,4,2,1,2,1,4,4,1,1,2,1,2,2,1,1,2,2,1,3,4,4,2,3,2
0.246943248256193,102,18,6,6,6,6,6,6,6,6,6,6,6,6,6,2,2,1,6,6,6,6,6,6,6,6,6,6,4,4,1,1,1,6,6,6,6,6,4,3,3,3,3,1,1,6,6,6,6,2,4,4,4,2,1,1,6,6,1,1,3,6,6,6,6,6,6,6,3,3,3,4,4,6,6,6,6,6,6,6,6,6,6,6,6,6,6,6,2,2,2,2,3,3,3,2,2,3,3,6,6,6,6,6,6,6,6,6,6,6,6,6,6,6,6,6,6,6,6,6,6,6,6,6,6,6,6,6,3,3,3,1,6,4,4,6,3,1,4,4,1,1,4,1,1,2,1,6,6,6,6,6,6,6,6,4,4,2,2,4,2,3,1,3,3,1
1.35208096870688,18,2,5,5,3,3,3,3,1,1,3,3,3,1,1,3,3,1,3,1,3,3,4,1,1,1,2,5,2,2,4,5,5,5,5,5,5,4,3,3,1,1,2,2,1,2,2,1,1,4,4,4,4,6,1,3,2,2,2,2,3,4,4,4,4,4,1,1,3,3,4,4,4,3,3,1,1,1,4,4,2,4,4,3,3,3,4,4,2,2,6,2,3,3,3,2,2,2,2,5,6,2,1,6,1,6,2,1,4,4,4,4,3,6,6,6,6,6,6,6,6,6,6,6,6,6,2,2,3,3,3,1,1,4,4,1,1,1,1,1,5,5,4,5,1,1,1,4,4,1,1,2,1,2,2,1,1,2,2,1,1,4,4,3,3,1
0.40867071954166,12,0,5,5,3,3,4,4,1,1,3,1,2,1,1,1,3,1,1,3,4,3,4,2,2,5,2,3,1,3,4,5,5,5,5,4,5,4,1,1,4,4,2,2,1,2,2,1,1,4,4,3,4,1,1,3,3,3,2,2,3,3,1,4,4,2,6,4,3,3,3,3,4,3,6,1,3,1,4,6,2,4,4,3,6,5,5,4,2,2,2,2,2,4,4,2,2,4,4,1,3,3,6,4,6,2,5,4,3,3,5,6,1,4,4,3,1,6,4,4,2,1,6,1,1,2,2,2,5,5,3,1,1,1,4,3,3,2,5,6,5,5,4,1,5,1,1,2,4,1,1,2,2,2,2,6,1,2,6,1,1,2,1,3,3,1
0.246943248256193,15,0,2,5,5,3,1,3,2,2,3,3,3,4,1,1,1,1,1,1,2,3,4,2,2,5,1,4,1,4,4,2,5,3,3,3,6,2,3,3,3,4,4,2,1,1,6,3,1,4,6,4,4,1,1,3,2,2,2,2,2,3,3,2,4,2,4,1,3,6,4,6,4,3,5,1,1,1,3,6,4,3,4,2,2,4,1,6,2,2,2,6,1,1,1,2,2,4,4,4,4,1,6,4,5,2,2,2,3,3,5,2,1,1,2,3,1,6,4,6,2,2,4,2,5,2,2,2,5,3,3,2,1,5,4,1,3,1,1,1,1,6,4,2,2,1,1,1,4,2,6,2,1,2,2,5,1,2,6,2,2,2,2,3,3,1
-0.750376158004181,150,27,6,6,6,6,6,6,6,6,6,6,6,6,6,6,6,6,6,6,6,6,6,6,6,6,6,6,6,6,6,6,6,6,6,6,6,6,6,6,6,6,6,6,6,6,6,6,6,6,6,6,6,6,6,6,6,6,6,6,6,6,6,6,6,6,6,6,6,6,6,6,6,6,6,6,6,6,6,6,6,6,6,6,6,6,6,6,6,6,6,6,6,6,6,6,6,6,6,6,6,6,6,6,6,6,6,6,6,6,6,6,6,6,6,6,6,6,6,6,6,6,6,6,6,6,2,6,3,3,3,2,1,2,6,1,1,1,1,6,1,6,4,6,6,6,6,1,6,1,1,2,2,2,6,4,6,2,6,2,6,2,6,6,6,6
-1.90942303555002,64,10,5,5,4,4,3,3,2,1,3,6,4,1,1,1,1,3,6,6,6,6,6,1,3,1,2,3,6,6,6,6,6,1,1,4,4,4,3,3,3,3,2,2,1,4,2,3,3,4,4,4,4,1,2,3,3,3,2,2,6,6,6,6,6,6,6,6,3,3,4,6,3,6,6,6,6,6,4,6,2,6,6,6,6,6,6,6,6,6,6,6,6,6,6,6,6,6,6,1,6,4,4,4,4,6,6,6,6,6,5,4,3,6,6,6,6,6,6,6,6,6,6,6,6,6,2,2,3,3,3,2,2,1,1,4,3,1,2,5,1,1,4,4,5,1,2,1,4,2,2,2,2,2,2,1,1,1,1,3,3,4,3,3,3,1
0.624307347922281,18,3,5,5,4,3,3,3,1,1,3,3,3,3,1,2,3,1,1,1,4,3,4,3,2,2,2,1,4,4,4,1,5,2,2,3,4,3,3,3,4,4,2,2,1,3,3,1,1,6,6,6,6,6,6,6,3,3,2,2,3,1,3,4,4,2,3,4,1,1,2,4,3,3,3,1,1,1,4,4,2,3,4,3,3,5,1,1,2,2,1,6,6,4,3,2,2,2,2,4,4,2,2,6,1,6,6,6,6,6,6,6,6,2,2,3,2,1,1,1,2,4,4,2,2,2,2,3,3,3,3,1,1,2,4,2,2,1,1,1,5,5,4,5,5,1,1,1,4,1,1,2,2,2,2,1,1,2,2,3,3,5,3,3,3,3
-0.669512422361448,5,1,3,5,1,3,3,3,2,1,3,5,3,1,2,4,3,3,1,1,4,3,4,3,1,2,2,3,4,2,2,3,5,4,5,3,2,4,3,3,1,1,1,2,1,2,2,1,1,4,4,4,4,1,1,1,1,1,2,2,3,1,1,2,4,2,1,1,1,3,3,4,4,3,3,1,1,1,6,6,6,4,4,3,3,5,4,4,2,2,2,5,3,3,3,2,2,1,2,2,2,1,1,1,1,1,4,4,3,3,4,4,2,5,4,3,1,1,3,3,2,2,2,4,2,2,2,2,2,3,3,1,1,1,4,3,3,6,4,4,1,1,5,2,1,1,2,1,4,1,1,2,2,2,2,3,1,6,4,3,4,3,3,2,3,1
0.40867071954166,13,0,5,5,3,3,3,3,3,3,3,2,2,1,1,3,1,1,5,5,4,4,4,1,1,2,2,3,1,1,2,5,5,4,5,3,4,4,3,3,2,2,2,2,1,2,2,4,1,5,4,3,4,1,6,3,2,3,2,2,3,1,6,4,3,3,3,2,3,6,4,3,6,3,6,6,1,2,4,4,2,1,4,3,3,5,5,4,2,2,2,5,3,3,3,3,2,4,4,5,4,1,3,4,6,2,2,1,1,3,4,4,3,2,2,3,2,1,2,2,6,2,5,2,2,1,2,2,5,5,3,1,1,5,6,4,4,6,6,5,5,5,4,4,1,4,1,1,1,2,1,2,1,2,2,1,1,2,6,3,2,2,2,2,6,3
0.974716869040791,25,3,5,5,3,1,3,3,6,6,6,6,6,6,6,1,3,1,4,1,3,3,4,1,1,2,2,1,3,2,4,5,6,5,5,4,5,4,3,3,1,1,1,2,1,2,2,4,4,5,6,4,6,1,6,3,3,3,2,2,3,1,1,3,4,2,4,1,3,3,4,4,3,3,3,1,1,1,6,6,6,3,1,3,3,5,4,4,2,2,2,2,3,3,6,2,6,4,6,4,4,3,3,4,4,2,1,1,3,3,4,4,3,3,4,3,1,6,4,1,2,2,2,6,6,6,2,6,3,3,3,1,1,4,4,3,3,1,4,1,5,6,4,1,1,1,1,1,1,1,1,2,1,2,6,1,2,2,6,3,3,3,4,3,3,1
-0.561694108171137,3,0,2,5,2,3,1,3,1,1,3,3,3,1,1,3,3,3,2,1,3,3,4,4,1,2,2,3,3,2,1,2,5,5,5,3,4,4,3,3,3,3,1,2,1,3,3,1,1,2,4,4,4,1,1,3,3,3,1,2,3,4,1,5,3,3,6,2,1,3,3,4,3,3,3,1,1,1,1,4,2,2,3,3,3,4,1,4,2,2,2,2,3,3,4,2,3,3,2,4,4,3,1,4,4,4,2,1,3,3,5,5,5,2,2,3,2,1,4,4,2,1,2,2,2,2,2,4,5,3,3,1,1,4,4,2,3,1,4,4,5,1,1,3,5,4,2,1,1,2,6,1,2,1,2,5,1,2,2,1,2,2,2,3,2,1
1.21730807596899,11,3,5,5,4,4,4,4,1,1,3,2,3,1,1,2,3,2,1,1,3,3,4,1,1,2,2,3,1,2,3,5,5,5,5,4,4,4,3,3,3,3,2,2,2,6,6,6,6,4,4,4,4,1,1,3,2,3,6,6,6,1,1,3,3,2,4,4,3,3,4,4,3,3,3,1,1,1,4,4,2,3,3,3,3,5,4,4,2,2,2,2,3,6,3,2,2,2,2,4,4,4,1,4,4,2,2,1,3,3,6,6,6,2,2,5,1,1,1,1,2,1,1,3,3,2,2,2,3,3,3,1,1,4,4,3,3,1,1,1,5,5,4,5,5,2,2,4,4,1,1,2,1,2,2,1,1,2,2,1,2,2,2,2,2,1
0.40867071954166,15,0,5,5,3,3,4,3,1,1,3,4,3,1,1,1,3,1,1,1,3,3,4,1,1,2,2,1,1,1,2,6,5,5,5,2,2,4,4,3,3,3,3,2,1,1,1,4,4,3,6,4,6,1,6,3,2,6,2,2,3,4,4,1,3,3,2,6,3,3,1,3,1,3,3,1,1,1,4,4,2,4,3,5,3,4,4,4,2,2,2,2,2,2,3,2,6,4,4,4,4,1,1,4,4,5,6,1,4,1,4,6,2,2,2,5,1,2,1,1,2,3,3,3,3,2,2,2,5,6,3,1,1,4,4,4,5,3,2,5,5,5,3,4,3,1,2,1,6,1,6,2,1,2,6,3,3,4,3,1,1,2,1,1,1,3
0.543443612279548,4,0,5,5,3,3,1,3,2,1,2,1,3,1,1,2,2,2,1,1,3,3,4,1,4,2,5,5,2,3,4,5,5,4,4,3,3,4,2,3,3,3,6,4,1,2,4,4,4,4,4,4,6,2,2,3,3,2,2,2,3,4,3,3,3,2,4,4,3,3,4,4,3,3,6,1,1,1,4,4,2,1,3,3,3,5,1,1,2,2,2,5,3,1,4,2,2,3,3,2,2,1,1,4,4,2,2,1,3,3,4,5,3,4,4,3,1,1,3,1,2,4,1,1,1,2,3,2,4,3,3,1,1,2,1,3,3,2,1,1,1,1,6,2,2,1,1,1,4,1,1,2,2,2,2,1,1,2,2,1,3,4,2,3,3,1
-0.831239893646914,148,25,6,6,6,6,6,6,6,6,6,6,6,6,6,6,6,6,6,6,6,6,6,6,6,6,6,6,6,6,6,6,6,6,6,6,6,6,6,6,6,6,6,6,6,6,6,6,6,6,6,6,6,6,6,6,6,6,3,3,4,6,6,6,6,6,6,6,6,6,6,6,6,6,6,6,6,6,6,6,6,3,4,3,3,4,5,5,3,3,2,2,3,6,6,6,6,6,6,6,6,4,3,4,4,6,6,6,6,6,3,6,3,6,6,6,6,6,6,6,6,6,6,6,6,6,6,6,6,6,6,6,6,6,6,6,6,6,6,6,6,6,6,6,6,6,6,6,6,6,6,6,6,6,6,1,1,4,6,2,6,3,6,6,6,6
-1.07383110057511,91,17,5,5,4,3,3,3,6,6,6,6,6,6,6,3,3,1,6,6,6,6,6,6,6,6,6,6,6,6,6,6,6,6,6,6,6,6,6,6,6,6,6,6,6,3,3,2,3,6,6,6,6,6,6,6,6,6,2,2,3,2,3,1,4,3,3,1,6,6,6,6,6,6,6,6,6,6,4,4,5,6,6,6,6,6,6,6,6,6,6,6,6,2,3,2,2,4,4,4,4,1,3,4,4,6,6,6,6,6,6,6,6,1,4,3,1,1,3,3,2,2,2,6,6,6,2,2,3,3,3,1,1,1,1,6,6,6,6,6,6,6,6,6,6,6,6,1,4,1,1,2,2,4,5,4,4,2,2,1,1,2,2,3,3,3
0.193034091161038,102,18,6,5,4,3,3,3,6,6,6,6,6,6,6,6,6,6,6,6,3,3,4,6,6,6,6,6,6,6,6,6,6,6,6,6,6,6,6,6,6,6,6,6,6,6,6,6,6,4,4,3,4,1,1,3,6,6,1,1,3,1,3,1,1,2,4,4,6,6,6,6,6,6,6,2,1,1,6,6,6,6,6,6,6,6,6,6,6,6,6,6,6,4,4,2,2,4,3,6,6,6,6,6,6,6,6,6,6,6,6,6,6,6,6,6,6,6,6,6,6,6,6,6,6,6,2,2,3,3,3,1,1,4,4,3,3,1,4,1,5,5,4,6,6,1,1,6,6,6,6,2,1,2,2,1,1,2,2,3,3,4,2,6,6,6
-2.01724134974033,115,17,5,5,3,3,6,6,1,1,3,2,3,1,1,6,6,6,6,6,6,6,6,6,6,6,6,6,6,6,6,6,6,6,6,5,5,4,6,6,6,6,6,6,6,6,6,6,6,6,6,6,6,6,6,6,2,2,6,6,6,6,6,6,6,6,6,6,6,6,6,6,6,3,6,1,1,2,2,6,6,6,6,3,6,6,4,4,6,6,2,3,4,2,3,2,6,4,2,6,6,6,6,6,6,6,6,6,3,3,6,6,6,6,6,6,6,6,6,6,6,6,6,3,3,4,6,6,6,6,6,6,6,6,6,6,6,6,6,6,6,6,6,3,1,1,1,2,2,1,6,2,1,2,2,6,6,6,6,6,6,6,6,1,3,1
1.48685386144477,38,3,5,5,3,3,4,3,6,6,6,6,3,4,1,3,3,1,1,1,5,3,4,6,6,6,6,6,3,3,3,5,6,1,1,3,6,2,3,6,4,1,4,2,1,3,3,1,1,6,6,6,6,6,6,6,2,3,2,2,3,3,3,4,4,2,3,1,3,6,4,4,3,3,6,1,1,6,4,4,2,4,4,3,3,5,4,4,3,2,2,2,3,3,6,2,6,2,2,6,6,3,3,1,1,2,2,1,3,6,5,6,3,2,4,2,1,1,3,3,2,1,2,6,6,6,2,6,3,3,3,1,6,4,4,1,3,1,1,1,5,6,4,5,1,1,1,2,1,1,1,2,2,2,6,1,6,2,2,3,3,2,4,3,6,3
-1.01992194347996,75,12,6,6,6,6,6,6,3,2,3,1,3,1,1,6,6,6,1,1,3,3,4,2,4,2,2,4,1,2,1,3,1,6,6,6,6,6,6,6,6,4,1,1,1,6,3,1,1,3,4,4,3,1,1,3,6,6,6,6,6,3,3,3,4,3,4,4,4,2,1,4,3,6,6,6,6,6,4,4,2,2,2,3,3,4,1,4,6,6,6,6,6,6,6,6,6,6,6,6,6,6,2,3,3,6,6,3,4,4,4,4,1,6,6,2,1,1,2,2,2,2,2,6,6,2,2,2,3,3,3,1,1,1,4,6,6,6,6,6,6,6,6,5,5,4,4,4,1,1,1,2,2,3,2,6,6,6,6,6,6,6,6,6,6,6
-0.804285315099337,121,23,6,6,6,6,6,6,6,6,6,6,6,6,6,6,6,6,4,4,4,3,4,6,6,6,6,6,6,6,6,6,6,6,6,6,6,6,6,6,6,6,6,6,6,6,6,6,6,6,6,6,6,6,6,6,3,2,2,2,3,6,6,6,6,6,6,6,6,6,6,6,6,6,6,6,6,6,6,6,6,4,4,3,3,4,3,3,6,6,6,6,6,4,4,2,3,4,4,6,6,6,6,6,6,6,6,6,6,6,6,6,6,6,6,6,6,6,6,6,6,6,6,6,6,6,2,2,3,3,3,1,1,1,4,3,3,1,4,4,1,5,4,6,6,6,6,2,2,1,1,2,2,2,2,6,6,6,6,6,6,6,6,6,6,6
1.12296705105247,27,3,5,5,3,3,4,3,1,1,3,3,3,1,1,1,1,3,1,1,3,3,4,2,2,2,2,3,3,3,3,5,5,3,2,3,3,4,3,3,2,3,4,2,1,1,2,4,3,6,6,6,6,6,6,6,3,3,2,2,3,3,3,5,5,3,2,2,3,3,6,3,4,3,6,1,1,1,4,4,2,4,4,3,3,4,4,4,2,2,2,2,3,6,6,6,6,6,6,5,4,3,3,4,4,4,4,1,3,3,5,5,3,4,4,3,2,2,3,1,2,1,1,2,2,2,6,6,6,6,6,6,6,6,6,3,3,1,1,1,5,5,4,5,5,1,1,1,1,2,2,2,2,2,2,1,1,4,2,1,1,4,4,6,3,1
-0.130420851409894,98,16,4,5,3,3,4,4,6,6,6,6,6,6,6,3,1,1,4,1,2,2,3,6,6,6,6,6,6,6,6,6,6,5,5,4,1,4,6,6,6,6,6,6,6,6,6,6,6,4,6,5,5,2,2,3,6,6,6,6,6,6,6,6,6,6,6,6,6,6,6,6,6,6,6,6,6,6,6,6,6,6,6,6,6,6,6,6,2,2,2,2,3,3,3,2,6,4,2,6,6,6,6,6,6,6,6,6,6,6,5,5,3,6,6,6,6,6,6,6,6,6,6,3,3,2,2,2,3,3,3,1,1,4,4,1,1,1,5,6,5,5,4,4,1,1,1,6,6,6,6,6,6,6,6,6,1,2,2,3,3,2,3,2,3,2
0.786034819207747,43,4,4,3,3,6,3,6,3,2,3,2,3,3,3,2,2,1,1,1,2,3,4,4,2,2,6,1,2,2,2,3,4,5,5,3,4,4,2,3,2,6,4,6,2,3,2,4,3,4,4,4,6,4,2,3,2,2,1,1,3,6,6,5,2,3,1,1,6,6,6,6,6,6,6,6,6,6,6,6,6,4,6,3,3,5,1,4,2,6,2,2,3,3,6,2,6,1,6,2,6,3,3,1,4,3,4,1,3,3,4,6,1,3,3,3,1,6,4,6,2,1,4,6,6,6,3,2,3,6,3,1,6,1,4,2,3,1,5,6,1,6,4,4,6,1,2,1,4,1,2,2,2,2,2,1,6,2,2,2,6,2,6,3,6,1
-0.18433000850505,122,24,6,6,6,6,6,6,6,6,6,6,6,6,6,6,6,6,1,1,6,3,4,6,6,6,6,6,6,6,6,6,6,6,6,6,6,6,6,6,6,6,6,6,6,6,6,6,6,5,4,4,5,2,1,3,6,6,6,6,6,6,6,6,6,6,6,6,6,6,6,6,6,6,6,6,6,6,6,6,6,6,6,6,6,6,6,6,6,6,6,6,6,2,3,2,2,2,4,6,6,6,6,6,6,6,6,6,6,6,6,6,6,6,6,6,6,6,6,6,6,6,6,6,6,6,2,2,3,3,3,1,1,1,2,3,3,1,1,1,5,5,4,6,6,6,6,1,4,1,1,2,2,1,2,5,5,4,2,2,6,4,2,6,6,6
0.0313066198755719,10,1,5,5,3,3,3,3,2,2,3,3,3,4,4,6,6,6,1,3,2,2,3,2,2,2,1,4,4,3,2,5,5,5,5,2,2,3,3,3,1,2,1,2,1,2,6,2,2,2,4,4,4,1,1,3,3,6,1,2,3,4,1,1,3,3,4,1,3,3,3,3,1,3,2,1,1,1,4,6,2,1,4,2,3,5,2,4,2,6,2,2,1,1,1,2,2,3,4,5,6,3,3,1,1,2,2,1,2,2,3,5,3,3,3,3,1,6,2,2,3,2,1,2,2,2,1,2,3,3,3,2,2,1,1,2,3,1,1,6,5,5,5,3,1,2,2,1,4,1,1,2,1,4,2,1,1,5,5,2,3,3,3,3,3,2
-0.831239893646914,40,6,1,1,3,3,3,3,6,6,6,6,6,6,6,5,5,3,1,1,5,6,1,2,6,2,2,4,1,1,2,2,4,2,2,3,3,4,2,3,3,3,1,3,2,4,4,1,1,3,3,3,4,1,1,3,6,6,2,2,3,6,6,6,6,6,6,6,1,1,2,6,3,3,6,1,1,1,4,4,2,1,6,4,4,4,1,1,2,2,5,6,4,2,2,2,2,4,4,5,5,2,6,2,4,6,6,6,6,6,6,6,6,4,4,3,1,2,6,6,6,6,6,6,6,6,2,2,1,3,3,1,1,2,4,2,2,1,1,1,1,1,4,1,2,1,1,1,1,1,1,2,1,2,2,5,5,2,2,2,2,3,3,3,3,3
-0.64255784381387,78,13,6,6,1,3,2,3,1,1,3,2,3,4,4,6,6,6,4,2,3,3,4,4,1,3,2,1,3,1,2,3,5,6,6,6,6,6,3,3,1,1,2,2,1,2,2,3,3,6,6,6,6,6,6,6,6,6,2,2,1,6,6,6,6,6,6,6,6,6,6,6,6,3,6,5,2,2,6,6,6,4,6,3,3,5,4,4,2,2,2,2,3,6,6,6,6,6,6,6,6,6,6,6,6,6,6,6,6,6,4,4,3,3,4,3,1,1,3,1,2,1,1,6,6,6,6,6,6,6,6,6,6,6,6,6,6,6,6,6,6,6,6,2,1,2,1,1,4,1,6,2,2,2,2,1,1,2,2,2,2,2,2,3,3,3
0.139124934065883,35,6,5,5,5,3,3,3,1,1,3,2,3,1,1,1,3,1,1,1,2,3,4,2,2,2,2,1,1,4,4,5,5,2,2,4,4,3,3,3,4,4,1,2,2,3,3,1,1,4,4,4,4,1,1,3,6,6,6,6,6,3,3,4,4,2,4,4,3,3,4,4,3,6,6,6,6,6,4,4,2,4,4,3,3,4,1,1,2,2,5,2,3,4,3,2,2,2,2,6,6,6,6,6,6,6,6,6,6,6,5,5,3,6,6,6,6,6,6,6,6,6,6,3,6,2,2,2,3,3,3,1,1,2,4,2,1,1,1,1,5,5,4,5,6,2,1,1,4,1,6,2,2,2,2,1,1,2,2,3,3,1,2,1,3,1
1.59467217563508,48,6,5,5,3,6,4,4,1,1,3,3,3,1,1,3,3,1,1,1,3,3,4,1,1,2,6,2,2,2,3,5,5,4,5,5,5,4,3,2,1,6,2,2,1,2,4,4,5,6,6,6,6,6,6,6,6,6,2,2,3,3,6,4,4,2,6,4,1,1,4,4,4,3,3,1,1,6,6,6,6,1,1,3,3,5,4,6,6,6,6,6,6,3,3,2,2,2,2,4,6,3,3,4,4,5,5,1,3,3,4,4,3,4,6,4,6,1,1,1,2,2,2,3,3,2,6,6,6,6,6,6,6,6,6,1,3,1,4,4,5,5,4,2,1,1,1,2,4,1,6,2,2,2,6,6,6,6,6,6,6,6,6,2,3,1
-0.116943562136105,10,1,5,6,1,1,3,3,1,1,2,4,4,3,1,1,2,5,3,1,3,3,4,1,1,1,2,1,1,1,3,4,5,3,5,3,5,4,3,3,1,1,4,1,2,4,2,1,4,6,6,6,6,6,6,6,3,3,2,2,1,3,3,1,4,3,2,1,3,3,4,4,4,3,3,1,1,1,4,4,3,6,2,3,3,5,4,4,2,2,2,2,3,3,3,2,2,4,2,4,4,1,3,4,4,2,5,1,3,3,4,4,3,2,4,3,1,1,3,3,2,2,2,1,2,2,4,2,3,3,3,1,1,1,1,2,3,1,1,1,5,5,5,2,2,2,1,1,1,2,2,2,2,2,2,1,1,3,2,4,4,2,6,2,3,1
1.0825351832311,17,0,5,5,3,6,3,3,1,1,3,3,3,1,1,2,3,1,1,1,4,3,4,3,2,1,2,1,4,4,4,5,5,6,6,4,4,3,3,3,3,4,1,2,1,3,3,6,1,4,4,4,4,1,1,3,1,2,2,2,1,3,3,4,3,2,6,6,3,3,4,6,3,6,3,6,6,6,6,4,2,3,4,3,3,5,2,1,1,2,2,2,4,3,3,2,2,2,2,5,4,1,3,2,1,6,4,1,3,3,5,6,1,2,2,3,1,1,3,1,2,4,4,1,2,2,2,2,3,3,3,1,1,4,4,1,1,1,1,1,5,6,4,5,5,1,6,2,4,1,1,2,2,2,2,1,1,2,5,3,6,2,2,3,3,1
0.381716140994082,8,1,5,5,3,3,1,1,1,1,3,3,3,1,1,5,3,1,1,1,3,3,4,1,1,2,4,1,3,3,4,5,5,5,5,5,5,4,3,3,3,3,1,1,1,2,4,4,4,4,4,4,4,1,1,3,3,2,2,2,1,6,6,6,6,6,6,6,3,3,3,3,3,3,3,1,1,1,4,4,2,4,4,3,3,5,1,1,2,2,2,2,3,3,3,2,2,1,4,4,4,3,3,4,4,2,2,1,4,2,5,5,3,4,4,4,1,1,4,1,2,4,4,1,1,2,2,2,3,6,3,1,1,4,4,1,1,1,1,1,5,5,4,5,5,1,1,4,4,1,1,2,1,2,2,1,5,2,2,2,2,2,2,3,3,1
0.327806983898926,29,2,5,5,3,3,4,4,1,1,3,3,3,1,1,1,3,3,5,1,5,3,4,1,1,4,4,3,2,2,3,5,5,5,5,2,4,3,3,3,4,1,4,2,1,2,2,5,1,4,4,4,4,1,6,3,6,6,2,6,3,1,6,4,4,4,1,6,3,3,4,4,1,3,3,1,1,1,4,4,2,4,6,3,3,4,4,4,3,3,2,2,3,3,6,2,2,2,4,5,6,3,6,4,6,2,2,1,2,3,5,2,3,2,6,1,1,6,4,4,2,1,6,2,2,1,2,2,3,3,3,1,1,4,4,1,6,1,1,1,5,5,4,5,5,1,1,6,6,6,6,6,6,6,6,1,1,2,6,1,1,3,2,3,3,2
0.732125662112592,50,11,5,5,3,3,3,3,1,1,3,3,3,1,1,1,3,1,6,6,6,6,6,1,1,2,2,1,3,4,4,5,5,6,6,6,6,6,6,6,6,6,6,6,6,6,6,6,6,6,6,6,6,6,6,6,6,6,6,6,6,4,1,4,4,2,4,4,3,3,4,4,4,3,3,1,1,1,4,4,2,4,4,3,3,5,4,4,6,6,6,6,6,3,3,2,2,2,1,5,4,3,3,4,4,6,6,6,6,6,3,4,3,4,4,3,1,1,1,1,2,4,4,6,6,6,2,2,3,3,3,1,1,1,4,2,2,1,1,1,5,5,5,1,1,2,2,1,4,1,1,2,1,2,2,4,1,2,2,1,3,2,2,6,6,6
-0.709944290182815,83,13,6,6,6,6,1,1,6,1,3,2,3,3,3,6,6,6,6,6,6,6,6,2,2,1,1,4,6,6,6,6,6,2,2,5,5,4,6,6,4,6,4,3,1,1,1,3,2,6,6,6,6,1,1,3,6,6,6,6,6,6,6,6,6,6,6,6,2,3,3,3,4,3,3,1,1,3,2,1,2,6,6,3,3,5,1,1,6,6,6,6,6,2,2,2,2,4,2,6,6,6,6,6,6,3,4,4,3,3,6,6,6,6,6,6,6,6,6,6,6,6,6,2,2,3,2,2,3,3,3,2,1,2,2,1,2,1,4,1,1,1,4,6,6,6,6,6,6,6,6,6,6,6,6,4,4,4,4,4,3,2,2,3,3,1
1.62162675418266,82,12,5,5,3,2,3,3,1,1,3,5,3,1,1,3,6,1,1,6,4,4,5,1,1,2,2,2,3,3,4,3,5,6,6,6,6,6,3,3,1,1,4,4,1,6,6,6,6,6,6,6,6,6,6,6,2,3,2,2,3,3,3,4,4,2,1,2,3,3,4,4,3,6,6,6,6,6,6,6,6,6,6,6,6,6,4,4,6,6,6,6,6,6,6,6,6,6,6,4,4,3,1,1,4,6,6,6,6,6,6,6,6,6,6,6,6,6,6,6,6,6,6,2,2,2,6,6,6,6,6,6,6,6,6,6,6,6,6,6,6,6,6,1,1,1,6,1,4,1,2,2,2,2,2,1,6,2,2,6,3,2,2,3,3,1
-0.696467000909026,44,5,6,6,6,6,6,6,1,1,3,4,3,3,1,6,6,6,4,1,3,3,4,1,1,1,5,4,1,2,5,5,5,6,6,6,6,6,6,6,1,1,3,3,2,1,1,2,5,4,4,4,4,1,6,3,3,6,1,1,3,3,3,1,1,3,1,4,3,3,3,4,3,3,3,1,1,1,2,4,2,1,2,3,3,4,4,4,2,2,2,2,3,3,3,1,2,4,6,6,6,3,1,1,4,4,4,4,2,2,3,3,4,2,2,3,2,1,3,1,2,4,4,2,1,3,2,2,2,3,3,1,6,1,4,2,2,1,1,1,1,5,4,4,4,4,4,6,4,6,6,2,1,6,6,5,6,6,6,6,6,6,6,6,6,6
-0.319102901242938,16,2,5,5,3,6,4,4,1,1,3,3,3,4,1,4,3,1,1,1,3,3,4,1,1,2,4,4,2,2,3,5,5,5,5,3,4,4,2,3,1,1,1,2,1,2,2,4,1,4,5,4,4,1,1,3,6,6,2,2,3,1,1,1,4,2,6,1,3,3,4,4,4,3,3,1,1,1,4,4,2,4,4,3,3,5,4,4,3,3,5,5,3,1,3,2,2,4,4,5,5,3,3,1,4,4,2,1,4,3,2,6,3,6,6,6,6,6,6,6,6,6,6,2,2,1,2,2,3,3,3,1,1,1,4,3,3,1,4,1,5,5,4,5,5,1,1,4,1,1,1,2,2,2,2,1,1,4,2,4,1,2,2,3,3,3
0.327806983898926,39,5,5,5,4,3,4,3,1,1,3,3,3,2,2,3,3,2,3,1,6,3,4,6,4,2,4,2,6,6,6,6,6,5,5,4,5,4,2,3,1,1,4,2,1,2,2,5,4,4,6,4,4,1,1,3,2,2,2,2,3,6,6,6,6,6,6,6,6,6,6,6,6,3,3,1,1,1,4,4,2,6,6,6,6,6,6,6,3,2,1,2,3,2,4,2,6,2,2,4,4,6,3,2,6,6,6,1,3,3,3,6,3,6,6,6,1,1,1,1,2,1,2,6,6,6,5,5,3,3,2,1,1,2,2,1,1,1,1,1,5,5,4,4,5,4,1,1,4,2,2,2,1,2,2,1,1,4,2,3,3,5,5,2,3,1
1.43294470434961,9,1,5,5,3,3,3,3,1,1,3,3,3,3,1,3,3,1,1,1,3,3,4,1,1,2,2,1,3,2,4,5,5,5,5,5,5,4,3,3,1,1,2,2,1,1,4,1,1,6,6,6,6,6,6,6,6,3,2,2,3,1,1,4,4,2,2,2,3,3,4,4,4,3,3,1,1,1,4,4,2,4,4,3,3,5,4,4,2,2,2,2,3,3,3,2,2,1,1,4,4,3,3,4,4,2,2,1,3,3,4,4,3,3,3,3,1,6,1,1,2,4,4,2,2,2,2,2,5,3,3,1,1,4,4,3,3,1,1,1,5,5,4,1,1,2,2,4,4,1,1,2,1,2,2,4,1,2,2,3,3,2,2,2,3,1
-0.130420851409894,37,5,6,5,3,3,3,3,6,6,6,6,6,6,6,2,3,2,5,1,2,4,4,2,1,4,4,1,1,2,4,2,5,5,5,5,4,5,3,3,2,2,2,2,1,1,1,6,1,4,4,3,4,1,1,1,3,3,2,2,3,3,1,1,1,1,4,4,3,3,4,4,3,6,6,6,6,6,4,4,2,6,6,6,6,6,6,6,2,2,2,2,3,2,2,1,2,4,4,4,4,4,3,4,4,2,2,1,3,3,5,5,3,4,4,3,1,6,4,6,2,4,4,6,6,6,2,2,5,3,1,1,1,5,4,2,2,1,1,4,5,5,4,4,2,1,1,6,6,6,6,6,6,6,6,1,1,4,2,2,3,2,2,2,3,1
-0.453875793980827,109,19,5,5,4,6,3,3,3,3,3,3,3,2,2,6,6,6,6,6,6,6,6,1,1,4,4,2,6,6,6,6,6,6,6,6,6,6,6,6,3,3,6,1,1,6,6,6,6,6,6,6,6,6,6,6,6,6,6,6,6,6,6,6,6,6,6,6,6,6,6,6,6,6,6,6,6,6,6,6,6,6,6,6,6,6,6,6,6,6,6,6,6,3,6,2,6,4,6,6,6,6,6,6,6,6,6,6,6,6,6,6,6,6,6,6,6,6,6,6,6,6,6,6,6,6,3,6,5,3,3,2,1,3,1,3,6,1,4,6,5,6,4,5,6,1,1,1,4,2,2,2,2,2,2,1,6,4,4,1,3,2,4,2,2,2
-1.18164941476542,72,5,2,6,1,6,1,1,1,6,2,4,6,3,6,1,6,6,1,6,4,6,2,1,6,1,6,4,6,6,6,6,6,2,6,1,6,3,6,6,6,6,6,6,6,4,4,4,4,4,6,4,6,1,6,3,1,2,6,6,2,2,3,2,3,3,2,4,3,3,3,3,3,6,6,6,6,6,3,4,2,2,2,6,2,3,3,2,2,6,3,5,2,4,6,2,6,3,6,4,6,2,1,1,4,4,4,4,2,3,6,6,6,2,2,3,1,1,1,1,4,6,1,1,1,6,2,6,3,3,3,1,6,1,6,6,6,6,6,6,6,6,6,2,6,4,6,4,6,6,6,2,2,4,6,5,6,2,6,2,6,4,6,1,6,3
-2.55633292069189,93,12,3,6,5,6,2,2,1,6,3,1,2,3,1,3,3,4,3,6,1,6,6,1,1,4,6,3,6,2,1,2,2,4,4,1,1,4,6,6,6,6,6,6,6,1,1,6,6,6,6,6,6,6,6,6,1,3,1,3,3,1,6,3,6,2,6,4,2,2,2,2,4,3,3,1,3,3,4,1,2,6,6,6,6,6,6,6,6,6,6,6,6,6,6,6,6,6,6,6,6,6,6,6,6,6,6,6,6,6,6,6,6,6,6,6,6,6,6,6,6,6,6,6,6,6,6,6,6,6,6,6,6,6,6,6,6,6,6,6,6,6,6,3,3,4,4,2,4,1,1,2,2,3,3,1,1,3,3,2,2,3,3,1,2,6
1.59467217563508,24,3,5,5,4,6,4,3,1,1,3,2,3,1,1,3,3,1,1,1,3,3,4,1,1,2,2,1,2,2,4,3,3,5,5,4,4,4,6,3,1,1,4,4,2,6,6,6,6,2,5,4,4,1,6,3,3,1,2,2,3,3,3,2,3,2,1,1,3,3,3,1,3,3,3,1,3,1,4,4,5,4,4,3,3,5,4,4,2,2,2,2,3,4,3,2,2,2,3,4,4,4,3,4,4,4,2,2,1,3,5,5,1,6,6,6,1,1,1,1,2,1,1,6,6,6,2,2,3,3,3,1,1,4,4,2,2,2,1,1,3,5,4,3,1,2,2,6,6,6,6,6,6,6,6,2,1,1,2,1,3,4,4,3,3,1
-0.723421579456603,24,2,5,5,4,3,3,3,3,1,3,3,5,4,6,1,1,3,1,6,3,3,3,2,1,4,4,1,2,1,3,5,5,2,2,3,3,5,3,3,1,2,2,3,1,2,2,6,2,6,6,6,6,6,6,6,1,6,2,2,1,1,1,2,1,2,3,1,6,6,6,6,6,4,3,1,1,1,4,4,2,2,2,3,3,4,1,4,2,2,2,2,3,2,3,2,2,2,2,4,4,1,4,4,6,5,5,2,6,6,5,5,3,4,6,3,1,1,3,3,2,1,2,2,2,2,2,2,3,3,3,2,6,4,4,3,3,1,4,4,1,1,4,4,5,3,1,1,1,1,6,2,1,2,2,1,6,2,2,2,2,1,1,2,3,1
-1.42424062169362,63,10,5,5,3,3,3,3,1,1,3,4,4,1,2,2,2,2,4,3,2,3,6,6,6,6,6,6,2,3,2,2,2,6,6,6,6,6,3,1,3,3,2,3,2,4,4,3,3,1,4,3,3,4,2,3,2,2,3,1,3,6,6,6,6,6,6,6,3,6,3,2,3,6,6,6,6,2,6,6,6,6,6,6,6,6,6,6,2,2,4,4,6,2,3,2,2,3,5,6,6,6,6,6,6,6,6,6,6,6,6,6,6,4,2,3,1,2,3,6,2,2,2,3,3,3,6,6,6,6,6,6,6,6,6,2,3,1,4,1,1,1,5,2,4,2,3,4,4,2,6,2,1,3,3,1,1,1,2,2,3,4,3,6,6,6
1.48685386144477,30,2,5,5,3,6,4,4,1,6,3,3,6,1,1,3,6,1,1,1,3,6,4,1,2,2,6,1,3,3,4,5,6,5,5,4,5,4,2,2,2,6,2,2,1,2,2,5,5,6,6,6,6,6,6,6,2,2,2,2,3,1,1,5,4,2,6,1,3,3,5,4,4,3,6,1,1,1,4,4,2,1,1,3,3,5,4,4,2,2,2,2,3,6,6,6,6,6,6,5,4,3,6,4,4,2,2,3,3,2,4,6,3,2,3,3,1,1,3,3,2,1,6,2,6,2,2,6,2,5,3,1,1,2,4,2,2,1,1,1,5,6,4,1,1,4,1,2,4,1,1,2,1,2,2,1,1,2,2,1,3,2,2,3,3,1
-0.804285315099337,48,3,2,3,5,6,3,6,2,6,1,3,1,3,3,6,6,3,2,3,4,5,4,2,4,6,1,4,2,2,1,1,1,3,6,2,2,4,3,3,3,3,4,4,2,4,4,6,4,4,6,4,4,1,6,3,1,6,2,2,3,1,6,1,1,3,6,1,4,6,3,3,4,3,3,1,1,1,4,4,2,1,4,3,3,5,3,4,2,2,5,6,3,2,6,2,2,4,6,6,6,6,6,6,6,2,3,4,3,3,5,5,3,6,6,6,6,6,6,6,6,6,6,6,6,6,4,3,5,3,3,1,1,2,4,3,3,1,4,6,1,6,2,6,6,4,2,5,1,1,6,2,2,2,3,2,2,1,6,3,6,4,6,3,6,1
0.381716140994082,9,1,2,5,3,3,1,1,3,2,3,3,3,1,1,2,2,5,1,1,3,3,4,2,2,2,2,3,3,3,4,5,5,1,1,4,4,4,3,3,4,4,2,2,4,2,2,4,2,4,4,6,6,1,1,3,3,3,1,1,3,4,4,3,4,4,3,3,3,1,3,4,3,5,3,1,1,1,4,4,2,4,4,5,3,5,4,4,2,2,5,5,3,6,6,6,6,6,6,4,4,4,3,4,4,3,2,1,3,3,4,4,3,5,3,3,1,1,4,4,2,1,4,4,4,1,2,2,3,3,3,1,1,2,2,3,3,1,1,1,5,5,4,4,4,2,2,4,4,1,1,2,1,2,2,3,3,4,2,1,1,3,2,3,3,1
-0.723421579456603,21,1,2,5,4,6,3,6,2,6,3,2,4,1,1,2,2,3,6,1,1,2,4,2,2,2,2,2,2,3,2,2,5,3,4,4,4,4,3,3,3,3,1,1,1,4,3,1,1,4,6,3,4,1,1,3,3,3,3,1,3,2,2,2,2,4,4,6,3,3,4,4,3,2,1,1,1,1,1,6,2,2,4,3,3,4,1,6,2,2,2,3,3,2,6,5,6,3,6,3,4,4,4,2,1,3,4,1,4,4,2,3,1,3,3,5,1,1,4,4,2,2,2,1,1,1,2,6,2,3,3,1,6,1,4,2,3,1,4,6,3,6,4,6,6,6,6,5,2,1,1,2,2,1,1,1,1,4,4,3,3,2,3,1,1,1
0.812989397755325,0,0,5,5,3,3,3,3,1,1,3,3,3,1,1,2,3,1,1,1,2,2,4,4,4,4,4,4,4,2,4,5,5,5,5,4,4,4,3,3,2,2,2,2,1,3,2,4,1,4,4,4,4,2,1,3,2,3,1,2,1,1,1,4,4,2,4,1,3,3,4,4,3,3,3,1,1,1,4,4,2,4,4,3,3,5,1,4,2,2,2,2,3,1,3,2,2,4,4,4,4,3,3,4,4,3,2,1,3,3,2,2,3,4,4,3,1,1,4,4,2,1,1,1,2,1,2,2,3,3,3,2,2,1,1,1,3,1,1,1,5,5,5,2,1,1,1,2,4,1,1,2,2,2,2,1,1,2,2,3,3,4,4,1,3,1
0.0313066198755719,115,20,5,5,3,3,6,6,1,1,3,3,6,3,3,1,1,3,6,6,6,6,6,6,6,6,6,6,6,6,6,6,6,6,6,6,6,1,6,6,6,6,2,2,1,6,6,6,6,6,6,6,6,6,6,6,6,6,6,6,6,6,6,6,6,6,6,6,6,6,6,6,6,6,6,6,6,6,6,6,6,6,6,6,6,6,6,6,6,6,6,6,6,2,3,2,2,4,2,6,6,6,6,6,6,6,6,6,6,6,6,6,6,6,6,6,6,6,6,6,6,6,6,6,6,6,2,2,3,3,3,1,1,4,4,2,2,2,1,1,1,1,1,2,1,1,1,6,6,1,1,2,2,2,2,6,6,6,6,6,6,6,6,6,6,6
1.02862602613595,8,0,3,5,3,3,2,1,1,1,3,2,3,1,1,2,2,3,3,3,2,3,4,1,1,4,4,4,3,3,3,5,5,1,5,4,4,4,2,3,3,3,4,2,1,3,2,3,4,4,6,4,6,1,1,3,3,3,2,2,3,3,1,1,5,2,4,4,3,3,4,4,4,2,6,5,3,3,4,4,2,1,3,5,3,4,4,1,2,2,2,2,3,3,3,2,2,4,4,6,6,1,1,4,4,6,1,4,3,3,5,5,5,3,3,2,1,1,2,2,2,4,1,3,3,2,2,2,5,5,3,1,1,4,4,2,2,1,4,1,1,5,4,5,5,1,1,2,2,1,2,1,2,2,2,5,5,2,2,2,1,2,2,3,3,1
-0.399966636885671,70,12,5,6,3,3,2,4,2,1,3,3,3,4,4,2,3,1,1,6,2,2,4,4,4,4,4,2,6,6,6,6,6,6,6,6,6,6,4,3,3,2,2,2,2,6,6,6,6,4,4,4,4,1,1,3,2,6,6,6,6,6,6,6,6,6,6,6,3,3,4,4,3,6,6,6,6,6,6,6,6,6,6,6,6,6,6,6,2,2,2,2,3,1,1,2,6,3,3,6,6,6,6,6,6,6,6,6,6,6,6,4,3,6,6,6,6,6,6,6,6,6,6,6,6,6,2,2,6,6,3,1,1,2,4,2,3,1,1,1,5,5,4,3,1,2,2,1,4,1,1,2,2,2,2,1,2,2,2,1,2,4,4,3,3,3
1.54076301853992,20,2,5,5,3,3,4,4,2,1,3,5,4,1,1,6,6,6,1,1,3,3,4,1,1,4,6,1,3,3,4,3,5,5,2,4,4,4,6,6,6,6,6,6,6,4,4,4,4,4,4,4,4,1,6,1,6,3,2,2,3,3,1,4,4,2,1,1,3,3,4,4,4,3,3,1,1,1,4,4,2,1,4,3,3,5,4,4,2,2,2,6,3,3,3,2,2,1,2,4,6,1,6,1,6,4,4,1,2,3,4,3,1,2,2,3,2,1,3,6,4,2,6,2,2,2,2,2,3,3,3,1,1,1,1,3,3,1,1,1,5,5,4,4,1,1,1,4,4,2,1,2,2,2,2,1,1,4,4,1,3,2,2,6,3,1
0.300852405351349,167,28,6,6,6,6,1,2,6,6,6,6,6,6,6,6,6,6,6,6,3,3,1,6,6,6,6,6,6,6,6,6,6,6,6,6,6,6,6,6,6,6,6,6,6,6,6,6,6,6,6,6,6,6,6,6,6,6,6,6,6,6,6,6,6,6,6,6,6,6,6,6,6,6,6,6,6,6,6,6,6,6,6,6,6,6,6,6,6,6,6,6,6,6,6,6,6,6,6,6,6,6,6,6,6,6,6,6,6,6,6,6,6,6,6,6,6,6,6,6,6,6,6,6,6,6,6,6,6,6,6,6,6,6,6,6,6,6,6,6,6,6,6,6,6,6,6,6,6,6,6,6,6,6,6,6,6,6,6,6,6,6,6,2,2,1
0.597352769374703,29,4,5,5,4,6,6,6,1,1,3,5,5,1,1,2,3,2,1,1,3,3,4,4,1,1,2,2,2,1,2,5,5,5,5,3,5,4,3,3,2,2,1,1,1,3,3,4,4,6,6,6,6,6,6,6,2,2,2,2,3,6,6,6,6,6,6,6,3,3,3,4,4,3,3,1,1,1,4,4,2,4,5,3,3,5,4,4,2,2,6,2,3,3,3,2,2,1,1,4,4,3,3,4,4,2,2,1,3,3,5,5,4,3,3,3,1,1,3,4,2,1,1,3,3,2,6,6,6,6,6,6,6,6,6,3,3,1,4,1,1,1,4,2,1,3,1,2,4,1,6,2,2,2,2,1,1,2,2,1,1,2,2,3,3,2
-2.39460544940642,25,2,1,2,1,3,3,3,1,1,3,4,3,2,1,2,3,3,1,1,3,3,4,6,6,6,6,6,3,3,3,1,2,3,3,3,4,5,3,3,2,2,3,2,1,3,3,2,2,6,6,6,6,6,6,6,1,3,2,2,3,4,3,3,2,3,6,4,3,6,4,4,4,3,3,1,3,1,3,4,2,4,4,2,3,4,4,4,2,2,2,2,4,2,6,2,6,3,6,4,4,1,1,3,4,3,4,3,1,2,1,1,4,2,2,3,1,1,4,2,2,4,2,4,4,1,2,6,2,2,3,2,2,1,2,1,3,1,1,6,5,6,5,2,1,1,1,4,4,1,6,2,2,5,2,4,1,3,6,2,2,3,6,3,3,3
0.610830058648492,15,1,5,6,3,3,3,6,1,1,3,3,3,1,1,1,3,1,1,1,3,3,3,1,1,4,4,3,1,1,2,5,5,5,6,4,4,4,3,3,1,1,1,2,1,2,2,4,1,6,6,6,6,6,6,6,3,2,2,2,3,3,3,4,4,2,4,1,3,3,4,4,3,3,6,1,1,1,4,4,2,4,4,3,3,5,4,4,2,2,2,2,3,3,3,2,2,4,4,4,6,3,3,1,1,2,2,1,3,3,4,5,1,1,4,4,1,1,4,1,2,4,1,4,2,3,2,2,3,3,3,1,6,4,4,3,3,1,1,1,1,5,4,5,5,3,1,2,4,1,1,2,2,2,2,1,1,2,2,1,1,2,6,3,3,1
0.678216505017436,7,0,5,5,4,3,3,3,1,1,3,5,5,1,4,2,2,3,1,1,4,3,4,2,1,4,2,1,3,3,3,5,5,5,6,3,3,3,3,3,4,4,2,2,1,2,2,4,5,4,4,4,4,1,1,3,3,3,2,2,3,3,3,4,4,2,2,3,3,3,4,4,4,3,3,1,1,1,4,4,3,4,4,3,3,4,3,4,3,2,2,2,3,3,3,2,2,4,4,2,4,1,6,2,2,2,2,1,3,3,5,3,3,4,4,3,1,1,3,4,2,4,6,1,2,2,2,2,5,3,3,1,1,5,1,3,3,1,4,6,5,5,4,2,1,4,4,1,1,1,6,2,2,2,2,5,1,4,4,3,3,1,6,3,3,1
-0.103466272862317,14,1,5,5,3,3,3,3,3,1,3,3,3,1,1,2,3,3,1,1,3,3,4,1,1,4,4,1,2,1,3,5,5,5,5,4,5,4,4,3,3,4,3,3,1,4,2,5,1,4,4,4,4,2,2,3,2,6,6,6,6,3,6,4,6,6,6,1,3,3,4,4,4,3,6,1,1,6,4,6,2,3,4,3,3,5,4,4,2,2,2,2,3,4,3,2,2,4,4,4,4,3,3,4,4,2,2,4,6,2,1,3,3,3,4,3,2,1,3,3,2,2,4,2,2,2,2,2,3,3,3,1,1,1,4,3,3,1,1,4,4,5,4,1,1,2,1,2,3,1,6,2,1,2,2,1,1,2,2,4,1,3,2,3,3,1
-1.31642230750331,16,0,2,2,3,3,2,6,1,1,6,3,3,1,1,2,3,5,3,1,3,3,4,4,4,2,2,4,2,2,1,4,2,4,5,5,5,6,3,2,3,3,4,2,2,3,4,1,5,4,4,1,4,4,1,3,3,3,6,2,6,3,3,1,1,2,6,4,1,3,4,4,3,3,3,1,1,6,4,4,2,4,4,4,3,5,4,4,2,2,6,2,3,4,3,2,2,4,4,4,4,4,3,4,4,2,5,6,2,5,5,4,3,2,4,3,1,1,4,1,3,4,2,4,6,1,2,2,3,3,3,1,1,1,1,2,3,5,6,1,6,5,1,2,1,2,1,2,4,1,6,2,2,2,2,4,1,2,2,6,2,6,6,2,3,2
-1.26251315040816,7,0,2,5,3,3,3,6,2,1,3,5,3,1,1,3,3,1,4,1,1,1,4,3,1,5,4,4,1,1,3,1,5,4,4,4,4,4,3,3,3,1,4,6,4,2,2,5,5,4,4,4,4,1,1,3,2,2,2,2,3,4,4,4,4,4,1,1,3,3,4,4,4,3,3,1,1,1,4,4,2,2,2,3,3,4,1,4,2,2,2,2,4,2,2,2,2,3,4,1,2,1,3,4,4,4,5,1,1,3,5,4,4,3,3,3,1,1,3,3,1,3,3,4,2,3,2,6,3,5,3,1,1,2,5,1,3,1,3,1,1,5,4,2,2,2,2,1,1,1,6,1,2,1,6,5,1,2,2,2,3,4,4,3,3,1
-1.74769556426456,109,19,1,5,3,3,6,3,6,6,6,6,6,6,6,6,6,6,6,6,6,6,6,6,6,6,6,6,6,6,6,6,6,6,6,6,6,6,3,3,3,3,6,3,1,1,3,4,4,6,4,1,1,4,1,3,6,6,2,2,3,4,4,2,2,2,2,2,3,3,4,4,4,6,6,6,6,6,6,6,6,6,6,1,1,4,5,5,6,6,6,6,6,3,3,2,2,4,2,6,6,6,6,6,6,6,6,6,6,6,6,6,6,6,6,6,6,6,6,6,6,6,6,6,6,6,2,2,3,3,3,1,1,1,1,6,6,6,6,6,6,6,6,6,6,6,6,6,6,2,1,2,2,2,6,6,6,6,6,6,6,6,6,6,6,6
0.40867071954166,24,1,5,5,4,6,4,6,1,6,1,3,3,3,6,3,1,1,5,1,3,3,4,2,2,2,2,6,3,6,2,2,5,5,5,2,4,4,3,3,3,4,3,4,1,2,2,1,6,4,4,4,4,1,1,3,2,6,1,6,4,1,2,2,6,3,1,1,3,6,3,3,4,3,6,1,3,2,6,6,6,3,4,5,4,2,3,5,2,6,2,2,3,3,6,2,2,2,6,4,6,3,3,4,4,5,4,4,1,2,5,6,1,3,5,3,1,1,3,4,2,1,6,1,1,2,2,2,5,3,2,1,1,4,6,3,3,1,4,6,5,6,4,1,1,1,1,1,2,1,1,2,1,1,1,1,1,2,2,3,3,4,5,2,2,2
-0.29214832269536,9,1,5,1,3,3,3,3,1,1,3,3,3,1,1,4,4,3,1,1,5,3,4,1,1,2,2,4,3,4,3,1,1,1,5,3,5,5,3,3,3,3,2,2,1,3,3,3,3,4,4,4,4,2,2,3,6,6,4,1,3,4,4,2,2,3,6,1,3,3,1,4,3,3,3,1,1,1,4,4,2,3,1,3,3,4,1,4,2,6,2,2,3,2,3,2,2,3,3,4,6,3,3,4,4,4,2,1,3,3,5,4,3,4,4,3,2,6,4,4,2,1,1,2,2,2,2,2,3,3,3,1,1,1,1,1,3,1,1,1,1,5,2,5,5,3,3,4,4,1,1,2,2,2,2,4,6,4,4,1,1,6,2,3,3,1
1.05558060468352,54,11,5,5,3,3,6,6,1,1,3,3,3,4,3,3,3,1,1,1,3,3,2,6,6,6,6,6,1,1,4,5,5,5,5,3,5,4,3,3,1,1,2,2,1,2,2,4,4,4,4,4,6,1,1,1,3,2,2,2,3,1,3,4,4,2,1,1,6,6,6,6,6,3,3,1,1,1,4,4,2,6,6,6,6,6,6,6,6,6,6,6,6,3,3,2,2,2,2,6,6,6,6,6,6,6,6,6,6,6,6,6,6,4,4,3,1,1,4,1,2,2,2,6,6,6,6,6,6,6,6,6,6,6,6,2,2,1,1,1,5,5,4,1,1,1,1,4,4,1,1,2,2,2,2,1,1,2,2,3,3,2,2,6,6,6
-1.37033146459847,22,3,5,4,3,6,3,3,1,1,3,4,4,1,1,1,1,1,3,6,1,3,4,4,6,2,2,4,2,3,6,2,5,5,5,3,5,4,1,1,2,2,1,6,5,2,2,5,5,6,6,6,6,6,6,6,6,6,1,1,1,1,1,1,1,2,4,4,3,3,4,4,4,3,3,1,1,1,1,6,2,1,4,5,5,4,4,4,2,2,2,2,3,2,6,2,2,4,4,4,4,4,3,4,4,2,2,1,1,1,5,5,1,2,3,3,1,3,1,5,3,5,1,6,6,6,1,2,3,6,3,1,1,4,1,2,3,2,4,4,5,5,3,3,2,6,2,5,1,1,1,2,2,4,2,1,1,3,2,2,1,2,2,1,1,1
-0.480830372528404,131,21,1,5,3,1,3,3,1,1,3,3,3,4,4,1,1,3,1,1,3,3,4,6,6,6,6,6,6,6,6,6,6,6,6,6,6,6,6,6,6,6,6,6,6,3,1,4,4,6,6,6,6,6,6,6,1,3,2,2,3,1,1,2,3,3,1,4,6,6,6,6,6,6,6,6,6,6,6,6,6,6,6,6,6,6,6,6,6,6,6,6,6,6,6,6,6,6,6,6,6,6,6,6,6,6,6,6,6,6,6,6,6,6,6,6,6,6,6,6,6,6,6,6,6,6,6,6,6,6,6,6,6,6,6,6,6,6,6,6,6,6,6,6,6,6,6,6,6,6,6,6,6,6,6,6,6,6,6,6,6,6,6,3,3,3
0.0852157769707273,5,0,5,5,3,3,4,3,1,1,3,3,3,1,2,1,3,1,3,1,3,3,4,1,2,2,6,3,1,2,4,5,5,5,5,5,4,4,3,3,1,1,4,2,1,2,2,5,5,5,4,4,4,1,1,3,2,6,2,2,3,3,3,2,4,5,5,5,3,3,5,2,4,3,3,1,1,1,4,4,2,4,4,3,3,5,4,4,2,2,2,2,3,2,4,2,2,4,4,4,4,2,3,4,4,5,2,1,3,3,5,4,3,6,6,6,1,1,1,1,2,1,2,3,5,2,2,2,5,3,3,1,1,2,4,1,1,1,1,1,5,5,4,1,3,1,1,2,4,5,5,2,2,2,2,1,1,4,2,2,3,2,5,3,3,1
0.51648903373197,23,2,5,5,3,3,1,1,1,1,3,3,3,1,1,1,2,1,1,1,3,3,4,1,1,4,4,3,4,1,2,5,5,5,5,4,4,4,3,3,1,1,2,2,1,2,2,1,1,6,6,6,6,6,6,6,3,3,2,2,3,3,3,4,4,2,4,1,3,3,4,4,3,3,3,1,1,1,4,4,2,4,4,3,3,5,4,4,2,2,2,2,3,6,6,6,6,6,6,5,4,3,3,1,1,2,2,1,3,3,5,5,3,2,2,3,1,1,1,1,2,4,4,2,2,2,6,6,6,3,3,1,1,4,6,1,3,1,4,4,5,6,4,1,1,1,1,1,1,1,6,2,1,2,2,1,1,2,6,2,3,2,6,2,3,1
1.51380843999234,69,8,5,5,6,3,1,6,6,6,6,6,6,6,6,3,3,1,1,1,4,3,4,1,6,1,2,4,3,2,4,5,6,5,5,5,5,4,3,3,1,6,3,2,1,2,6,3,3,4,6,4,6,1,1,3,2,2,2,2,3,6,6,6,6,6,6,6,3,6,3,4,4,3,6,1,1,2,6,6,6,4,4,3,3,5,4,6,2,6,2,2,3,3,3,2,2,2,2,4,4,3,6,4,4,6,6,6,6,6,4,6,3,6,6,6,6,6,6,6,6,6,6,6,6,6,2,2,3,3,3,1,1,4,4,2,2,6,1,1,6,5,6,6,6,6,6,6,6,6,6,6,6,6,6,6,1,2,2,3,3,2,2,3,3,1
-0.29214832269536,27,5,6,6,6,6,3,3,1,1,3,2,3,1,1,3,3,3,1,1,3,3,4,4,4,3,3,2,6,6,6,6,6,4,4,3,3,3,3,3,3,1,2,2,1,4,4,3,3,4,4,4,4,1,1,3,3,3,2,2,3,1,3,4,4,2,6,4,6,6,6,6,6,3,3,2,1,1,3,3,2,4,4,3,3,5,4,4,2,2,2,2,6,4,4,2,2,3,4,4,4,3,3,1,1,6,6,6,6,6,5,4,2,2,2,3,1,1,3,1,2,1,1,6,6,6,2,2,3,3,3,1,1,1,4,3,3,1,1,1,5,5,4,2,2,1,1,4,4,1,1,2,1,2,2,1,1,2,2,5,3,4,3,3,3,2
0.920807711945636,73,13,6,6,6,6,1,3,6,1,3,4,4,1,1,1,1,1,5,5,3,3,4,6,6,6,6,6,6,6,6,6,6,5,5,4,4,4,6,3,3,3,1,2,1,6,6,6,6,4,4,4,4,3,1,3,2,3,6,6,6,1,1,4,4,2,3,3,6,6,6,6,6,6,6,6,6,6,6,6,6,6,6,6,6,6,6,6,2,2,2,5,3,3,3,2,2,4,4,4,5,3,3,4,4,6,6,6,6,6,6,6,6,6,6,6,6,6,6,6,6,6,6,6,6,6,2,2,3,3,3,1,6,4,4,3,3,1,6,1,5,5,4,1,1,1,1,1,6,1,6,2,2,2,2,1,1,2,2,3,3,2,2,3,3,1
0.206511380434827,38,7,6,6,6,6,4,3,1,6,2,2,3,3,3,6,6,6,5,6,3,3,5,2,1,4,4,1,1,1,1,5,5,5,2,3,4,2,3,3,3,1,2,2,1,2,2,1,5,4,4,4,6,1,1,3,6,6,2,6,3,4,1,4,4,1,1,2,1,3,4,6,3,3,3,1,1,1,4,4,2,5,2,6,3,5,4,4,2,2,2,2,3,6,6,6,6,6,6,5,5,1,3,4,4,5,2,4,1,3,6,6,6,4,4,3,2,1,3,3,2,2,2,6,6,6,2,6,3,3,3,2,2,1,1,3,3,1,1,1,5,6,4,5,5,1,1,4,4,2,1,2,1,1,2,1,1,3,2,1,1,2,6,6,6,6
1.59467217563508,15,1,3,5,3,3,6,6,1,1,3,4,4,1,1,2,3,2,6,6,4,2,3,2,2,4,4,4,2,2,4,5,5,5,6,4,4,4,3,3,3,6,2,2,1,2,6,3,4,4,6,4,6,1,1,3,2,2,2,2,3,3,3,1,1,2,2,1,3,3,3,6,3,5,3,1,3,1,4,4,2,4,4,3,3,5,1,4,2,2,2,2,3,2,2,2,2,4,6,1,4,2,2,1,1,2,6,1,4,4,3,3,3,2,2,1,1,1,4,4,2,4,4,1,1,1,2,2,3,3,3,1,1,1,1,3,3,1,1,1,1,1,5,4,2,1,1,4,4,1,1,1,1,2,2,1,6,2,6,1,3,2,2,2,3,1
-0.346057479790516,42,4,5,5,3,3,3,4,1,1,3,3,3,1,6,2,2,3,1,1,3,3,4,2,2,1,6,4,6,6,6,6,6,3,2,4,4,3,3,3,3,3,2,2,1,6,6,6,6,4,6,4,6,2,1,3,2,2,2,2,3,6,6,6,6,6,6,6,3,3,3,6,3,3,3,6,1,1,4,4,2,1,6,2,6,4,2,2,2,6,2,2,3,4,3,2,6,2,2,2,2,2,2,4,4,1,5,1,3,3,5,5,1,6,6,6,6,6,6,6,6,6,6,4,4,2,2,2,3,3,3,1,6,4,4,3,3,1,1,4,5,5,4,1,6,1,1,1,1,1,6,2,1,2,6,4,4,2,6,1,1,2,2,3,3,2
0.300852405351349,29,3,5,5,3,6,3,6,1,1,3,5,6,1,1,1,1,2,1,6,3,3,4,2,2,4,6,2,3,3,1,1,1,5,5,1,3,4,3,3,3,4,2,2,1,2,2,4,4,6,6,6,6,6,6,6,2,3,1,2,3,4,3,2,2,3,4,1,3,3,4,4,4,3,3,1,1,6,4,4,2,4,4,3,3,5,4,4,2,2,2,5,3,6,6,6,6,6,6,4,4,4,3,1,1,3,3,2,4,3,4,4,3,1,1,3,1,1,3,1,1,1,1,1,2,2,6,6,6,6,6,6,6,6,6,3,3,1,4,1,5,5,4,4,4,1,1,2,2,1,1,2,2,2,2,1,1,4,2,2,2,1,1,3,3,1
-0.265193744147783,27,1,5,6,3,6,1,1,1,2,3,2,2,1,1,2,6,2,5,6,4,4,4,2,4,4,6,4,1,1,2,1,2,5,5,2,2,4,4,4,3,3,6,2,2,3,6,4,4,6,6,6,6,6,6,6,3,3,1,2,1,1,1,4,4,4,4,6,3,1,4,4,3,3,3,1,1,1,3,6,2,4,4,3,3,5,1,1,2,2,2,2,4,4,3,2,2,4,1,4,4,4,6,1,1,2,2,4,2,2,5,5,1,6,2,3,2,2,3,1,2,2,2,3,6,3,2,6,3,6,3,2,1,1,1,3,2,1,4,4,1,5,4,5,1,1,1,2,6,1,6,2,2,2,2,1,1,2,3,1,3,2,2,2,2,3
0.786034819207747,61,8,5,5,3,3,3,3,1,1,3,3,3,2,2,2,2,2,6,6,6,6,6,3,3,1,1,2,3,2,2,3,3,3,3,1,3,4,4,3,2,2,1,2,1,2,2,3,3,6,6,6,6,6,6,6,3,3,3,3,3,2,2,1,1,3,3,3,3,3,4,4,1,5,2,1,3,1,6,6,6,3,2,3,3,5,4,4,3,3,2,4,3,6,6,6,6,6,6,4,4,3,3,4,4,6,6,6,6,6,2,2,3,6,6,6,6,6,6,6,6,6,6,6,6,2,6,6,6,6,6,6,6,6,6,6,6,6,6,6,6,6,6,5,4,6,6,2,4,2,1,2,2,2,2,1,1,4,2,2,1,2,2,3,3,1
-0.480830372528404,49,8,6,5,2,5,4,3,6,6,6,6,6,6,6,1,3,3,1,3,2,4,4,1,1,2,6,1,3,2,6,4,3,5,5,3,4,4,2,3,2,6,4,6,2,6,6,6,6,6,6,6,6,6,6,6,1,1,2,2,2,6,6,1,4,3,3,2,3,3,4,4,3,6,6,6,6,6,6,6,6,2,2,5,3,5,5,4,2,2,5,5,3,3,3,6,2,2,4,6,6,6,6,6,6,4,6,1,3,3,5,5,3,2,3,2,2,1,4,4,4,2,2,6,6,6,2,2,3,3,3,1,1,1,1,4,1,1,4,4,5,5,4,6,6,6,6,1,1,1,1,2,2,5,2,1,1,2,2,2,3,2,2,2,3,3
-1.07383110057511,105,19,6,6,6,6,2,1,3,6,1,1,5,1,1,3,2,3,1,2,4,4,2,6,6,6,6,6,1,1,2,3,1,6,6,6,6,6,3,3,1,1,2,2,2,6,6,6,6,6,6,6,6,6,6,6,6,6,6,6,6,1,1,4,1,3,6,2,2,2,3,2,6,6,6,6,6,6,6,6,6,6,6,6,6,6,6,6,6,6,6,6,6,6,6,6,6,6,6,6,6,6,6,6,6,6,6,6,6,6,6,6,6,1,3,1,1,1,2,2,2,2,2,6,6,6,3,3,3,3,3,1,1,2,2,1,1,1,1,5,1,1,1,1,6,3,3,6,6,6,6,6,6,6,6,6,6,6,6,6,6,6,6,6,6,6
0.664739215743648,44,4,5,5,3,3,4,3,2,1,3,1,3,1,1,2,2,3,3,3,2,3,4,1,1,4,2,4,4,3,3,5,5,1,5,2,4,4,3,3,1,1,4,4,1,2,2,1,4,6,6,6,6,6,6,6,3,3,2,2,3,1,1,1,1,2,4,4,3,3,4,4,4,6,6,6,6,6,4,6,4,6,6,6,6,6,6,6,2,2,3,3,3,2,6,2,2,6,3,5,6,6,1,4,4,2,2,3,3,3,5,5,4,6,6,6,6,6,6,6,6,6,6,2,3,2,2,6,3,6,4,2,1,4,6,4,2,2,1,1,4,4,4,5,5,1,6,4,4,1,1,2,1,2,2,1,6,4,6,3,6,2,6,3,3,1
-0.912103629289647,162,27,5,6,3,6,3,6,6,6,6,6,6,6,6,6,6,6,6,6,6,6,6,6,6,6,6,6,6,6,6,6,6,6,6,6,6,6,6,3,3,3,6,2,1,3,2,2,3,6,6,6,6,6,6,6,6,6,6,6,6,6,6,6,6,6,6,6,6,6,6,6,6,6,6,6,6,6,6,6,6,6,6,6,6,6,6,6,6,6,6,6,6,6,6,6,6,6,6,6,6,6,6,6,6,6,6,6,6,6,6,6,6,6,6,6,6,6,6,6,6,6,6,6,6,6,6,6,6,6,6,6,6,6,6,6,6,6,6,6,6,6,6,6,6,6,6,6,6,6,6,6,6,6,6,6,6,6,6,6,6,6,6,6,6,6
-2.04419592828791,16,3,1,2,1,5,4,3,1,1,3,1,3,2,1,1,3,6,1,2,2,4,4,2,1,2,2,1,2,1,1,3,3,2,3,3,4,4,3,3,1,2,4,4,1,3,3,3,3,6,6,6,6,6,6,6,6,6,2,3,3,1,3,4,3,4,4,3,3,3,4,4,3,3,3,1,2,1,1,4,2,5,4,3,3,3,5,4,2,2,5,5,3,2,3,2,2,3,4,3,3,2,3,4,5,3,3,1,3,3,5,5,3,2,3,2,1,1,5,4,2,1,4,6,6,6,1,2,5,4,3,1,1,1,1,1,3,3,6,4,1,5,3,4,4,3,1,1,2,1,1,2,2,3,3,5,1,2,2,1,1,4,2,2,3,3
-0.53473952962356,63,9,6,5,3,3,3,3,6,6,6,6,6,1,1,1,6,3,1,1,2,3,4,4,4,4,2,4,6,6,6,6,6,6,6,6,6,6,3,3,1,1,6,2,2,1,1,6,4,4,4,3,4,1,1,3,6,6,6,6,6,4,3,1,1,2,2,4,3,3,4,4,4,2,2,5,3,3,6,6,6,6,6,6,3,5,4,4,2,2,6,2,2,3,6,2,2,3,4,6,6,6,6,6,6,6,4,4,3,3,6,6,6,6,6,6,6,6,6,6,6,6,6,6,6,6,1,2,3,3,3,1,1,4,4,2,3,1,4,6,2,5,4,6,2,1,6,6,6,1,1,2,2,2,2,3,1,2,2,2,2,2,6,3,3,1
-0.29214832269536,114,18,6,6,6,6,6,6,6,6,6,6,6,6,6,6,6,6,6,6,6,6,6,6,6,6,6,6,3,3,5,4,3,6,6,6,6,6,3,3,3,3,1,1,1,4,4,3,3,6,6,6,6,6,6,6,2,2,2,1,3,6,6,6,6,6,6,6,3,3,3,3,4,6,6,6,3,1,2,4,2,6,6,6,6,6,6,6,2,2,3,3,4,6,6,6,6,6,6,2,2,3,3,1,1,4,2,1,3,3,6,6,6,3,3,3,1,1,4,4,3,2,2,2,2,3,6,6,6,6,6,6,6,6,6,6,6,6,6,6,6,6,6,6,6,6,6,6,6,6,6,6,6,6,6,6,6,6,6,6,6,6,6,6,6,6
0.974716869040791,18,1,5,6,3,3,4,6,1,1,3,3,3,2,2,3,6,3,5,1,3,6,6,4,2,2,2,4,2,2,4,4,5,4,4,2,5,3,4,6,3,4,3,3,2,2,2,4,1,4,4,4,4,6,1,3,2,3,2,2,1,3,3,2,4,2,2,1,3,3,1,4,3,3,6,1,1,1,4,6,2,4,4,3,3,4,1,4,2,2,2,2,4,3,3,2,2,4,4,4,4,4,4,2,2,5,5,4,2,3,1,3,3,2,2,3,2,1,2,1,3,4,4,3,2,2,2,2,3,3,3,1,1,4,4,3,3,1,6,1,5,5,4,5,6,6,1,1,5,1,1,2,2,2,2,5,1,2,2,2,3,2,6,6,6,6
-1.66683182862182,12,1,3,5,3,3,3,3,3,3,3,3,3,1,1,1,3,2,2,1,1,3,4,1,1,2,2,2,1,1,2,1,5,5,5,4,4,4,1,3,3,3,4,1,2,1,2,3,3,4,5,4,4,2,2,3,2,2,3,1,3,1,2,3,3,2,2,1,3,3,3,3,4,3,3,1,1,1,1,4,2,4,4,3,3,5,1,4,2,2,2,5,3,2,4,1,2,4,4,6,6,3,3,4,6,6,6,6,6,6,5,5,1,6,6,6,1,2,3,4,2,2,2,6,1,1,4,4,3,3,3,1,1,2,1,2,2,1,1,1,5,5,5,1,1,2,1,1,1,1,1,2,2,3,3,1,1,2,2,1,1,2,2,3,3,3
-0.53473952962356,57,8,6,6,6,6,3,3,1,1,3,3,3,2,2,2,2,2,6,6,6,6,6,3,4,1,1,2,3,2,2,3,3,3,3,1,3,4,4,3,2,2,1,2,1,2,2,1,3,1,4,4,3,2,2,3,3,3,3,3,3,2,2,1,1,3,3,3,3,3,4,4,1,5,2,1,3,1,6,6,6,3,2,3,3,5,4,4,3,3,2,2,3,2,3,2,2,3,3,4,4,3,3,4,4,6,6,6,6,6,2,2,3,6,6,6,6,6,6,6,6,6,6,6,6,2,2,4,3,3,3,1,1,1,1,2,1,1,5,4,2,6,4,1,6,3,1,6,6,6,6,6,6,6,6,6,6,6,6,6,6,6,6,6,6,6
0.273897826803771,102,16,6,6,6,6,6,6,3,6,3,3,4,1,1,6,6,6,1,1,4,4,3,2,2,1,4,5,6,6,6,6,6,6,6,6,6,6,6,6,3,3,4,3,3,3,3,1,2,6,6,6,6,6,6,6,1,1,6,6,6,6,6,6,6,6,6,6,2,2,4,4,4,2,2,2,1,1,4,2,5,6,6,6,6,6,6,6,2,2,5,5,4,6,6,6,6,6,6,2,2,3,2,4,4,4,4,4,1,1,5,5,3,4,4,3,1,1,4,4,2,2,2,2,4,2,6,6,6,6,6,6,6,6,6,6,6,6,6,6,6,6,6,6,6,6,6,6,6,6,6,6,6,6,6,6,6,6,6,6,6,6,6,6,6,6
0.597352769374703,8,1,2,5,5,3,3,4,1,1,3,4,3,1,1,2,1,1,5,4,5,3,4,4,1,4,2,1,1,3,3,1,5,5,5,3,6,5,1,1,4,4,4,3,1,2,2,3,3,4,4,4,4,1,1,3,2,2,2,2,4,3,3,4,4,2,4,6,3,3,3,4,3,3,3,1,1,1,4,4,2,3,4,3,3,4,4,4,2,2,2,2,3,3,3,2,2,3,4,5,5,3,3,4,4,6,6,6,6,6,4,4,3,3,3,3,1,1,3,1,2,1,2,2,2,2,2,2,3,3,3,2,1,2,4,4,3,1,4,4,5,6,4,5,1,2,2,1,1,2,1,2,1,2,2,1,1,2,2,2,3,4,4,3,3,1
0.893853133398058,95,13,1,5,3,6,3,6,1,1,3,3,3,1,1,2,2,1,1,1,5,2,4,6,6,4,4,4,2,2,3,4,6,6,6,6,6,2,6,6,6,3,2,1,2,6,6,6,6,6,6,6,6,6,6,6,1,3,2,6,2,6,6,6,6,6,6,6,6,6,6,6,6,6,6,6,6,6,6,6,6,6,6,6,6,6,6,6,6,6,6,6,6,3,6,2,3,2,3,6,6,6,6,6,6,6,6,6,6,6,6,6,6,6,6,6,6,6,6,6,6,6,6,6,6,6,2,6,3,6,3,1,6,2,2,2,3,1,1,1,1,5,4,1,6,1,6,4,4,1,1,2,2,1,2,1,5,2,6,2,1,2,2,3,3,1
1.16339891887383,0,0,5,5,3,3,3,3,2,1,3,2,3,1,1,5,3,1,4,1,3,3,4,1,1,2,2,1,1,2,4,5,5,5,5,4,5,4,3,3,2,1,2,2,1,2,2,4,4,4,4,4,4,1,1,1,3,3,2,2,1,3,3,1,4,2,3,1,3,3,1,4,4,3,3,1,1,1,4,4,2,4,4,3,3,5,5,4,3,2,2,2,3,3,3,2,2,4,2,4,4,3,3,4,4,4,2,1,1,3,4,4,3,4,4,3,1,1,3,3,2,2,2,2,1,2,2,2,3,3,3,1,1,1,1,1,1,1,1,1,5,5,4,2,2,2,1,1,1,1,1,2,1,2,2,1,1,2,2,2,2,2,2,3,3,1
0.327806983898926,7,0,5,5,4,3,3,3,3,1,3,3,5,3,1,2,1,2,1,1,3,6,4,2,2,2,2,1,4,1,4,1,1,5,5,3,4,5,3,3,1,4,4,6,1,4,4,2,5,4,5,4,4,1,1,3,2,3,1,2,3,1,3,4,4,4,3,1,3,6,3,4,3,1,3,1,1,1,4,6,2,3,4,5,3,3,1,4,2,5,3,2,3,3,3,2,2,3,2,5,4,3,6,4,4,4,6,1,1,3,2,4,1,3,4,3,1,1,3,1,2,4,2,3,2,2,2,2,3,3,3,1,1,4,4,3,3,1,1,1,5,5,4,2,4,1,1,1,4,1,2,2,2,3,2,1,1,2,2,1,3,3,2,2,3,1
-0.53473952962356,33,5,2,2,3,3,2,1,1,6,3,4,2,3,3,2,3,2,5,1,3,3,4,2,2,4,2,2,2,2,2,2,2,3,3,3,2,4,3,3,2,2,1,1,1,1,2,2,1,4,4,4,6,2,6,3,3,3,3,3,3,3,3,3,3,3,2,2,2,2,2,2,3,3,2,1,1,1,2,2,2,6,4,3,3,4,1,1,2,2,2,2,3,3,2,2,2,3,3,6,6,6,6,6,6,6,6,6,6,6,6,6,6,6,6,6,6,6,6,6,6,6,6,6,6,6,2,2,5,3,3,1,6,2,4,1,1,1,4,4,4,1,4,5,6,4,1,1,1,1,1,2,2,2,2,1,1,2,2,4,1,2,2,3,3,1
-0.211284587052627,12,1,5,5,5,3,1,1,1,1,3,2,3,4,4,2,2,1,3,3,3,3,4,2,2,3,4,2,4,2,3,2,2,4,3,4,4,4,3,3,1,1,4,2,1,3,3,4,4,6,6,6,6,6,6,6,1,1,1,2,3,6,6,6,6,6,1,3,3,3,4,4,4,3,3,1,1,1,4,4,2,4,4,4,4,4,4,1,2,2,2,2,4,5,3,2,5,2,2,4,4,3,3,1,2,4,2,1,3,3,5,5,1,4,4,3,1,1,3,1,2,2,2,3,4,2,4,2,3,3,3,1,1,5,2,1,1,1,4,4,5,5,5,1,1,1,1,2,2,1,2,2,2,2,2,4,1,4,2,2,2,2,2,2,3,1
0.812989397755325,16,2,5,5,3,3,4,4,1,1,3,3,3,4,4,1,2,3,1,1,3,3,4,4,2,4,4,2,4,4,3,1,4,5,5,4,4,4,3,3,3,3,2,2,1,3,3,5,1,6,6,6,6,6,6,6,2,2,2,2,3,3,1,4,1,2,1,1,3,3,4,4,3,3,3,1,1,1,4,4,2,1,1,5,5,4,1,1,2,2,5,2,3,3,3,2,2,4,4,4,6,3,3,4,4,5,2,1,1,6,5,5,3,2,2,1,2,1,3,1,2,2,2,1,4,2,4,2,2,3,3,1,1,2,2,4,3,1,1,1,5,6,4,6,6,6,6,6,2,2,2,2,1,2,2,5,1,2,2,2,2,2,2,3,3,1
0.543443612279548,20,4,3,5,3,3,6,6,2,2,3,3,3,1,1,2,3,3,1,1,3,3,4,1,1,4,2,3,2,1,2,3,5,5,5,3,5,4,3,3,2,2,1,4,2,3,2,4,4,4,5,3,4,2,2,3,6,6,6,6,6,6,6,6,6,6,6,6,3,6,4,4,3,4,3,1,3,1,3,4,2,4,4,5,3,5,4,4,2,2,2,2,3,1,1,3,3,4,4,5,5,2,3,1,4,5,2,1,3,3,2,5,1,3,3,3,1,1,3,4,2,2,2,3,3,2,3,6,3,3,3,1,6,1,1,1,1,1,4,4,1,5,2,1,1,2,1,1,1,1,6,2,2,2,2,1,1,2,2,1,6,4,2,3,2,1
-1.12774025767027,52,8,1,2,1,5,4,3,1,3,3,3,5,4,3,1,3,6,2,3,2,4,3,3,2,2,6,1,3,2,4,2,5,3,3,3,4,4,3,3,1,2,4,4,1,6,6,6,6,1,6,4,4,2,1,3,2,3,1,1,3,6,6,6,6,6,6,6,6,6,6,6,6,6,6,6,6,6,1,4,2,6,6,6,6,6,6,6,6,6,6,6,6,3,3,2,2,3,6,2,2,3,3,1,4,3,2,1,3,3,6,6,6,3,3,3,1,6,4,6,2,1,5,2,6,2,2,2,2,3,3,2,5,1,1,6,6,6,6,6,6,6,6,1,1,1,1,1,2,2,5,2,2,4,4,3,1,1,2,1,1,3,2,2,3,3
1.51380843999234,46,5,5,5,3,3,6,6,1,1,3,3,3,1,6,3,3,1,1,1,2,1,4,1,1,2,6,3,4,3,3,5,5,4,4,4,5,4,3,3,1,1,2,6,1,2,2,3,3,6,6,6,4,1,6,3,3,3,2,2,1,6,6,6,6,6,6,6,3,3,4,4,4,3,3,1,1,1,4,6,2,4,4,3,3,5,4,4,2,2,2,2,3,6,6,6,6,6,6,4,6,3,3,4,4,2,4,1,3,6,3,3,3,2,3,3,1,6,3,3,2,2,6,3,3,2,6,2,2,3,3,1,1,6,6,6,6,6,6,6,6,6,6,6,6,6,6,4,4,1,1,2,1,2,2,1,1,2,2,1,1,3,3,3,3,1
0.705171083565014,43,7,5,5,3,3,3,3,1,1,3,3,3,3,1,3,3,1,6,2,3,1,1,6,6,6,6,6,2,2,4,5,5,3,2,4,4,5,3,3,3,3,4,3,1,6,6,6,6,3,5,4,6,1,1,3,6,6,1,2,1,2,4,2,4,3,3,6,3,3,4,4,3,5,5,2,4,3,6,6,6,4,4,3,3,4,4,4,6,6,6,6,6,3,3,2,2,2,6,6,6,2,2,2,4,6,6,6,2,4,6,6,6,6,6,6,6,6,6,6,6,6,6,2,2,3,2,2,3,3,3,1,1,1,4,2,2,1,1,1,5,6,4,2,2,4,2,2,2,1,1,2,1,2,2,1,1,2,2,1,1,2,2,3,3,1
-0.88514905074207,36,1,4,5,3,6,3,3,1,1,3,3,6,3,6,4,1,4,3,6,3,6,4,4,4,4,4,3,1,1,5,5,6,5,6,4,6,4,1,3,3,3,4,3,2,3,2,3,6,6,6,6,6,6,6,6,3,6,2,2,3,3,6,4,6,3,3,2,1,3,1,4,4,3,3,1,1,1,3,4,2,1,4,2,6,3,1,4,2,2,2,2,3,4,3,2,6,4,6,4,4,3,3,1,1,5,5,1,3,3,3,3,1,2,2,3,2,2,1,1,2,2,2,2,2,2,2,6,3,3,3,1,1,1,1,4,6,1,6,4,5,6,4,4,1,6,4,1,6,1,6,2,2,2,2,1,5,4,2,2,6,4,6,3,6,3
1.43294470434961,28,3,5,6,5,4,3,3,1,1,3,3,3,1,1,5,3,1,1,1,4,3,4,2,2,2,2,3,2,2,4,5,5,5,5,5,5,4,3,3,1,1,2,2,1,2,2,5,5,6,6,6,6,6,6,6,2,2,2,2,3,3,3,4,4,5,5,5,3,3,5,2,4,3,3,1,1,1,4,4,2,4,4,3,3,5,4,6,2,2,2,2,3,3,3,2,2,2,2,6,6,3,1,1,4,6,6,6,6,6,5,5,3,6,6,6,6,6,6,6,6,6,6,2,2,2,2,2,3,3,3,1,1,4,4,3,3,1,1,1,5,5,4,2,2,1,6,4,4,1,1,2,2,1,2,1,1,2,2,2,3,2,2,2,3,1
-0.561694108171137,67,9,5,5,3,3,3,3,3,1,3,1,4,2,1,1,1,1,3,4,3,6,1,3,6,1,4,2,1,4,2,3,6,2,3,1,2,4,3,3,3,4,1,6,1,1,2,6,2,6,6,6,6,6,6,6,2,5,1,6,4,6,6,6,6,6,6,6,2,6,1,2,3,6,6,6,6,6,6,6,6,1,4,2,3,3,1,2,6,6,6,6,6,6,6,6,6,6,6,6,6,6,6,6,6,2,6,6,2,2,4,4,3,2,2,2,5,5,3,2,1,2,1,3,2,2,6,6,6,6,6,6,6,6,6,6,6,6,6,6,6,6,6,2,2,1,1,1,1,1,1,2,1,2,2,1,1,2,2,2,3,1,2,1,3,1
-0.453875793980827,24,1,5,5,3,3,1,6,1,6,3,2,2,6,1,1,3,1,3,3,1,3,4,2,2,4,4,1,2,2,3,5,6,5,6,3,3,3,3,3,2,2,4,2,1,1,1,1,5,4,6,4,4,1,1,3,3,6,2,6,3,4,4,4,4,2,4,3,3,3,4,4,3,3,6,1,1,1,4,4,4,3,4,3,3,5,5,5,2,6,2,2,3,3,3,2,2,2,6,4,6,3,3,1,1,1,1,1,1,1,5,5,1,6,6,6,6,6,6,6,6,6,6,2,2,2,2,2,3,3,3,1,1,2,4,1,2,1,1,1,1,5,4,1,1,1,1,1,1,1,1,2,6,2,2,1,1,3,2,2,2,2,6,1,3,1
0.462579876636815,2,0,5,5,3,3,3,3,1,3,3,2,4,1,1,2,2,3,2,3,4,4,4,1,1,2,4,1,3,1,3,1,5,5,5,3,3,4,3,3,4,3,1,3,3,3,3,5,5,4,4,4,4,1,1,3,2,2,2,2,3,4,4,1,4,2,3,2,3,3,1,1,3,3,3,1,1,1,4,4,2,4,4,3,3,4,1,4,2,2,2,2,3,3,3,2,2,4,4,4,4,3,3,4,4,2,2,1,2,2,5,5,3,4,4,3,1,1,1,1,2,2,6,2,2,4,4,4,3,3,3,1,1,1,4,3,3,1,6,4,5,5,4,4,2,1,1,1,2,1,1,2,2,2,2,1,1,2,2,1,3,2,2,2,2,1
-0.18433000850505,68,8,5,5,3,3,5,4,6,6,6,6,6,6,6,3,3,1,1,1,3,6,4,1,1,2,2,1,2,2,4,2,5,6,6,6,6,6,3,3,1,3,2,2,1,6,6,1,6,5,4,4,6,1,6,3,3,3,6,6,6,6,6,6,6,6,6,6,3,3,3,6,4,6,6,6,6,6,4,6,2,3,4,3,6,5,1,4,2,2,2,2,3,3,6,2,6,2,6,6,4,1,1,3,3,6,6,6,6,6,2,6,4,6,6,6,6,6,6,6,6,6,6,6,6,6,2,2,3,3,3,1,1,4,4,2,2,1,1,4,5,5,1,1,6,6,2,4,4,1,6,2,1,3,2,4,6,2,6,1,3,2,6,2,3,1
1.27121723306415,29,4,6,6,3,3,1,1,1,1,3,2,3,3,5,2,2,1,1,1,3,3,4,4,1,4,4,3,4,4,4,5,6,2,5,4,4,4,3,3,3,3,4,4,1,4,2,3,3,4,4,4,4,1,6,3,3,2,4,2,1,6,6,6,6,6,6,6,3,3,3,3,4,3,3,2,6,1,3,4,2,4,4,3,3,5,4,4,2,2,2,5,3,1,4,2,2,1,2,6,6,2,3,1,4,6,6,6,6,6,6,6,6,6,6,4,1,1,1,6,2,1,1,6,6,6,2,2,3,3,3,1,1,4,4,3,3,1,4,4,5,5,4,1,1,3,1,4,4,1,1,2,2,2,2,1,1,2,2,3,4,1,4,3,3,1
1.40599012580203,3,0,3,5,3,3,3,3,1,6,3,3,3,3,1,3,3,1,1,1,3,3,2,1,1,2,2,1,4,2,4,1,5,5,5,3,5,4,3,3,2,1,2,2,1,1,2,4,4,4,6,4,4,4,1,3,2,3,2,2,3,1,3,2,4,2,4,1,3,3,3,4,3,3,3,1,1,1,4,6,2,4,4,3,3,5,2,4,2,2,1,2,3,4,3,2,2,4,2,4,4,3,3,4,4,3,2,1,4,3,4,3,3,3,4,3,5,1,3,1,2,1,1,2,5,2,2,2,3,3,3,1,5,4,4,2,2,1,1,1,5,5,4,1,1,1,1,2,4,1,1,2,1,2,2,1,1,3,2,2,3,2,2,2,3,1
-1.50510435733636,120,23,6,6,6,6,6,6,6,6,6,6,6,6,6,6,6,6,6,6,6,6,6,4,4,2,4,5,6,6,6,6,6,6,6,6,6,6,6,6,6,6,6,6,6,6,6,6,6,4,4,4,4,1,1,3,6,6,6,6,6,6,6,6,6,6,6,6,6,6,6,6,6,6,6,6,6,6,6,6,6,6,6,6,6,6,6,6,6,6,6,6,6,4,3,1,2,4,4,6,6,6,6,6,6,6,6,6,6,6,5,5,3,6,6,6,6,6,6,6,6,6,6,6,6,6,3,4,3,3,3,1,1,4,4,1,2,1,4,4,5,5,5,5,5,3,1,6,2,1,1,2,1,1,1,6,6,6,6,6,6,6,6,6,6,6
0.273897826803771,13,0,3,3,3,3,4,4,1,6,3,3,3,1,6,2,3,3,4,4,3,3,5,2,4,4,4,2,1,1,3,3,2,2,2,3,3,2,3,3,1,2,1,1,2,4,4,2,2,5,5,4,4,1,1,3,2,2,2,6,3,1,6,5,6,2,6,2,3,3,3,3,4,3,6,1,3,3,4,4,2,3,5,3,3,4,3,3,2,2,5,5,3,3,3,2,2,4,4,4,4,4,4,4,4,2,2,1,4,4,4,6,3,2,2,3,1,1,3,6,6,2,2,2,2,2,2,2,3,3,3,1,1,1,1,3,3,1,1,1,5,5,4,5,1,2,1,1,1,1,6,2,2,2,2,5,6,4,2,3,3,3,4,2,2,1
1.10948976177868,3,0,5,5,3,3,3,3,1,1,3,3,3,1,1,1,1,2,1,6,3,3,4,1,1,4,2,1,3,2,4,5,5,5,5,3,4,4,3,3,4,4,2,2,1,2,2,1,1,4,4,4,4,1,1,3,1,1,2,2,3,3,3,5,5,5,5,4,3,3,4,4,1,3,3,1,1,1,4,4,2,4,4,3,3,5,5,5,2,2,2,2,3,3,3,2,2,1,1,4,4,1,3,5,4,5,2,1,3,3,5,5,1,2,2,3,1,6,4,4,2,1,1,6,2,2,2,2,3,3,3,1,1,4,4,3,3,1,1,1,5,5,4,4,4,1,1,4,4,1,1,2,1,2,2,1,1,2,2,3,1,1,1,3,3,3
-0.103466272862317,1,0,5,5,3,3,3,3,1,1,3,3,3,1,1,2,2,1,3,1,4,3,4,3,3,2,2,1,2,4,3,3,1,5,5,1,4,4,3,3,4,2,2,2,1,2,2,5,1,5,4,4,4,1,1,3,5,3,2,2,4,1,4,3,3,2,1,1,3,3,4,4,4,3,3,1,1,1,4,4,2,5,5,3,3,5,4,4,2,2,2,2,3,1,3,2,2,3,4,4,4,3,1,4,1,2,2,1,3,3,5,5,3,2,2,3,2,1,1,1,2,4,2,1,1,2,2,2,3,3,3,1,1,1,6,3,3,1,4,1,5,1,4,5,1,2,1,1,1,1,1,2,2,4,2,1,1,2,2,3,3,2,2,2,2,1
1.64858133273023,110,5,5,6,3,6,5,5,1,6,3,6,3,6,1,3,6,6,6,6,6,6,6,6,6,6,6,6,6,6,6,6,6,6,6,5,3,4,6,6,1,6,6,6,6,6,6,6,3,4,4,4,6,1,6,3,6,6,2,6,6,3,6,6,6,6,6,6,6,6,6,5,6,5,6,6,6,6,4,6,6,6,6,6,6,6,6,6,6,4,6,6,6,6,3,2,6,1,6,6,4,3,6,6,6,6,6,6,6,3,4,6,3,6,6,1,6,1,1,6,6,1,6,6,6,5,2,6,3,3,3,3,6,1,6,2,6,6,1,6,5,6,4,2,1,6,6,4,6,6,5,6,5,2,6,1,6,6,2,3,6,6,6,5,6,6
1.64858133273023,59,9,5,5,3,3,3,3,1,1,3,4,3,1,1,3,3,1,1,1,3,3,4,1,1,4,4,3,3,2,4,5,5,6,6,1,2,4,6,6,6,6,6,6,6,2,2,4,6,6,6,6,6,6,6,6,6,6,2,2,3,1,1,4,4,2,1,6,6,6,6,6,6,3,3,1,1,1,4,4,2,6,6,6,6,6,6,6,3,2,2,2,3,3,6,2,6,2,6,4,4,3,3,4,4,6,6,6,6,6,6,6,6,5,5,3,1,1,3,3,2,1,2,6,6,6,2,2,3,3,3,1,1,4,4,3,3,1,4,1,5,5,4,1,1,6,1,6,6,6,6,6,6,6,6,1,1,2,2,1,1,2,2,3,2,1
-0.696467000909026,21,2,2,5,6,3,1,4,1,1,1,3,3,1,1,1,1,2,1,1,2,3,4,1,1,2,2,4,6,6,6,6,6,5,5,5,5,3,3,1,2,2,3,2,1,2,2,1,1,4,4,3,4,1,6,3,2,2,6,6,6,3,3,2,2,4,4,4,1,3,3,4,3,2,3,1,1,6,3,4,2,3,2,3,3,4,1,1,2,2,2,2,3,2,2,2,2,4,4,5,4,3,3,4,4,5,2,1,3,2,6,2,3,3,4,3,2,3,1,1,2,2,2,1,1,1,2,2,3,3,3,1,1,4,4,4,2,2,6,1,4,5,2,6,6,1,1,2,1,1,1,2,2,2,6,4,6,4,6,5,1,1,6,3,3,3
0.0313066198755719,6,0,5,5,4,3,3,3,1,1,3,4,3,1,1,3,3,1,1,1,4,3,2,2,1,2,2,1,2,2,4,5,5,5,5,4,5,4,3,3,1,1,1,2,1,4,2,4,4,4,5,4,4,1,6,3,2,3,2,2,1,3,3,1,4,2,1,1,3,3,4,4,3,3,3,1,1,1,4,4,2,4,4,2,3,4,1,4,3,2,2,2,3,3,3,2,2,4,2,4,4,1,3,2,4,2,2,1,3,3,6,6,1,1,4,3,1,1,3,1,5,5,2,2,2,2,2,2,2,3,3,1,5,2,4,2,2,1,1,1,4,5,4,1,1,1,1,4,4,1,1,2,2,1,2,1,1,2,6,2,3,2,6,3,3,2
-0.750376158004181,9,1,2,5,3,3,1,3,3,3,3,1,3,1,1,1,2,2,3,3,4,2,2,2,2,2,2,3,2,2,2,2,2,2,2,2,3,3,3,3,3,3,4,2,2,1,2,2,1,2,4,3,4,2,2,1,1,2,2,2,3,4,6,2,2,4,1,3,1,6,3,6,3,1,1,1,1,1,3,3,2,4,4,3,3,4,4,1,3,3,1,1,4,2,2,2,2,3,3,5,4,3,1,3,3,4,4,1,1,1,4,4,1,3,3,3,1,1,3,2,2,1,1,6,6,6,6,2,4,5,4,1,1,2,2,2,3,1,4,4,1,5,4,4,5,4,1,2,1,1,1,2,2,2,2,1,1,2,6,2,2,2,2,3,3,1
-0.319102901242938,45,5,2,5,4,3,4,3,1,1,1,5,3,1,6,1,1,2,5,1,1,3,4,2,1,5,5,4,6,1,2,1,5,2,2,4,4,4,2,2,3,3,4,2,1,2,2,4,1,6,6,4,6,2,6,3,3,3,6,6,6,3,3,4,2,2,6,4,3,6,3,4,4,3,3,1,1,1,2,4,2,6,6,6,6,6,6,6,2,2,1,2,1,3,2,2,2,4,4,4,1,1,3,5,6,2,6,1,1,3,4,6,3,6,6,6,6,6,6,6,6,6,6,6,6,6,2,2,5,3,3,2,1,4,4,6,6,6,6,6,6,6,6,1,4,6,1,1,4,2,1,2,2,4,2,5,1,3,3,1,3,3,1,1,3,1
-0.453875793980827,7,0,3,5,3,3,1,3,3,1,3,4,4,1,1,4,5,2,6,6,3,3,4,1,1,1,3,3,4,2,1,1,4,5,5,5,4,4,3,3,3,3,1,1,3,2,2,5,5,4,4,6,6,2,6,3,2,2,3,3,3,1,1,2,2,2,4,4,3,3,3,4,6,3,3,1,1,1,4,4,2,4,4,5,3,5,3,3,6,2,5,5,3,2,3,2,2,3,3,4,4,4,1,4,4,4,4,1,2,2,5,5,1,1,1,3,2,2,3,3,2,1,1,4,1,3,2,2,5,3,3,1,1,2,2,2,2,1,1,1,1,1,2,4,4,2,2,1,1,1,1,2,2,2,3,2,2,2,2,1,3,2,2,3,3,2
-0.615603265266293,36,2,5,5,3,3,1,6,1,1,1,2,2,6,1,1,3,1,3,6,4,3,4,2,2,4,2,4,2,2,3,5,5,5,5,3,6,3,3,3,3,2,3,2,1,1,3,2,5,4,6,4,6,6,1,6,3,6,2,2,3,4,4,2,4,2,4,6,3,3,4,4,3,3,6,1,6,1,4,4,4,3,4,3,3,5,5,5,2,2,2,2,3,3,3,2,2,6,4,6,6,6,6,6,6,4,2,4,3,3,5,5,4,6,6,6,6,6,6,6,6,6,6,2,2,2,2,2,3,3,3,1,6,2,4,1,2,1,1,1,1,5,4,1,1,1,1,1,1,1,1,2,6,2,6,1,1,3,2,2,2,2,6,1,3,6
0.368238851720293,58,2,6,6,4,6,3,6,6,1,3,2,6,6,1,2,6,1,4,4,3,6,4,4,2,4,6,6,6,6,6,6,6,5,6,4,4,4,3,3,3,4,2,2,1,2,2,1,1,6,6,6,6,6,6,6,3,3,2,2,3,4,6,4,4,2,6,2,3,3,4,4,4,2,6,1,6,3,4,4,2,3,4,3,3,5,5,4,2,2,5,5,3,6,6,6,6,4,6,4,4,3,6,4,4,2,2,1,3,6,5,5,1,3,4,3,1,1,1,1,2,1,1,2,2,2,2,6,2,6,3,2,6,6,6,1,3,1,6,6,6,5,4,6,1,6,6,6,1,1,6,1,2,2,6,6,5,2,6,3,6,2,6,6,2,2
-0.669512422361448,40,3,3,6,4,6,4,6,1,1,3,3,3,1,1,1,6,4,4,4,2,2,2,2,2,2,4,2,4,4,1,4,6,6,6,6,6,6,1,6,3,3,2,2,1,2,6,4,6,6,6,6,6,6,6,6,3,6,2,2,3,1,1,3,2,3,3,2,3,3,1,1,3,3,3,1,1,1,2,2,3,4,4,2,3,4,3,2,2,2,2,2,3,4,6,2,6,5,6,2,3,3,2,2,6,2,2,1,2,2,3,3,1,3,2,3,1,1,3,3,3,2,2,6,6,6,2,6,5,6,3,1,1,1,4,2,6,1,4,6,1,6,4,4,1,1,6,1,4,1,6,2,2,2,2,4,4,2,6,2,2,2,2,3,2,3
0.920807711945636,19,2,5,5,4,3,3,3,1,1,3,3,4,1,1,3,3,1,3,3,3,3,4,1,2,2,2,3,3,3,4,5,5,6,2,5,5,4,3,3,4,4,4,4,1,2,2,1,4,6,6,6,6,6,6,6,3,3,2,2,3,3,3,3,1,2,4,4,3,3,4,4,4,3,3,1,1,3,4,4,2,2,4,3,3,4,2,5,2,2,2,2,3,1,3,2,2,4,4,4,4,3,3,4,4,5,2,1,3,3,5,5,3,4,4,3,1,1,3,4,4,2,2,2,6,2,4,2,3,3,3,1,6,6,4,2,2,1,1,1,5,5,1,6,6,6,6,1,4,1,6,2,1,2,2,3,1,2,2,3,3,1,6,4,3,1
-1.208603993313,16,1,5,5,3,3,3,5,3,1,3,1,3,1,5,1,3,4,4,1,2,6,3,3,1,4,4,1,3,5,2,1,5,5,5,2,6,3,6,1,3,6,1,3,5,3,3,2,1,6,6,6,6,6,6,6,1,6,3,3,3,2,4,1,1,3,5,5,2,5,1,5,3,3,6,1,1,5,4,1,2,4,4,3,3,4,4,4,2,2,2,2,2,2,3,1,2,4,4,3,4,1,6,2,6,4,4,4,1,1,3,3,3,1,3,2,4,5,3,3,2,5,5,4,2,1,3,2,2,3,2,1,1,3,1,3,3,1,4,5,5,5,4,1,5,3,5,4,4,1,1,2,3,1,6,2,5,2,5,1,3,2,1,2,2,1
0.489534455184393,13,0,3,5,3,3,1,3,1,1,3,6,3,1,6,1,6,6,5,1,3,3,4,1,1,4,3,2,2,1,2,3,5,2,6,3,4,4,4,1,3,1,3,2,1,4,2,4,4,4,4,4,4,1,1,3,3,2,2,2,3,1,1,3,4,2,6,2,3,6,4,4,3,6,1,1,1,1,2,4,2,4,4,3,3,4,4,4,2,2,5,2,3,2,2,2,2,2,2,4,6,1,3,4,4,1,1,1,2,3,4,6,3,2,3,3,1,6,1,1,2,1,2,2,2,2,2,2,5,3,3,1,5,4,4,2,3,1,3,4,4,1,4,2,1,1,1,1,1,1,1,1,6,2,2,1,1,2,2,4,1,2,5,3,3,2
2.02594543239632,1,0,5,6,3,3,3,3,1,1,3,3,3,1,1,3,3,1,1,1,4,3,4,1,1,2,2,1,4,2,4,5,5,5,5,5,5,4,3,3,4,1,2,2,1,2,2,4,4,5,5,4,4,1,1,3,3,3,2,2,3,3,3,4,4,2,3,1,3,3,4,4,4,3,3,1,1,1,4,4,2,4,4,3,3,5,4,4,2,2,2,2,1,3,3,2,2,2,2,4,4,3,3,4,4,2,2,1,3,3,3,3,3,4,4,3,1,1,1,1,2,2,2,2,2,4,2,2,5,3,3,1,1,4,4,2,2,1,1,1,5,5,4,1,1,2,1,4,4,1,1,2,1,2,2,1,1,2,2,3,3,2,2,3,3,1
1.6890132005516,48,6,5,5,3,3,2,3,2,6,3,4,3,1,1,2,3,2,1,1,2,3,5,6,6,6,6,6,2,6,4,5,6,2,6,1,5,4,6,6,6,6,6,6,6,2,2,4,3,6,6,6,6,6,6,6,1,1,4,4,4,6,6,6,6,6,6,6,3,3,1,3,1,3,3,1,2,3,4,4,2,2,4,5,3,3,2,4,2,2,3,2,3,3,3,2,2,2,2,6,6,6,6,6,6,6,4,2,3,1,1,6,2,2,4,2,1,1,3,3,2,1,2,6,6,6,2,2,3,3,3,1,6,6,4,2,2,1,6,1,5,5,4,5,5,3,1,6,2,2,1,2,1,3,2,3,1,1,2,1,6,3,2,3,3,1
-0.103466272862317,26,2,5,5,4,6,1,3,1,1,3,3,3,4,5,3,3,3,3,6,2,2,3,1,1,2,4,4,1,1,2,5,5,5,5,1,1,3,3,1,2,6,1,1,5,3,3,5,1,4,6,4,6,1,6,3,6,6,3,3,4,3,3,2,1,2,5,5,1,5,4,5,1,3,6,1,2,5,3,1,2,6,2,5,3,2,4,4,2,2,2,2,4,3,6,2,6,3,4,5,4,1,6,2,6,6,6,6,6,6,3,3,3,1,3,2,5,5,3,3,2,5,5,1,1,2,3,2,3,6,3,1,6,1,6,3,3,1,4,5,5,5,4,4,5,1,5,4,4,1,6,2,1,2,6,5,6,2,2,3,3,2,2,3,2,1
1.00167144758837,21,1,5,6,3,3,3,4,1,1,3,3,3,2,1,5,3,3,4,1,3,3,4,1,6,4,4,3,4,4,3,3,3,5,5,3,4,4,3,3,1,1,2,2,1,6,6,6,6,4,6,1,6,1,6,3,2,2,1,2,3,1,1,4,4,2,4,1,3,3,4,4,4,2,3,1,1,1,2,2,2,4,4,5,3,5,4,4,2,2,2,2,3,1,6,2,6,2,6,4,4,3,3,1,1,2,2,1,2,2,5,6,3,4,4,4,1,1,4,1,2,4,2,6,6,4,2,2,3,3,3,1,6,4,6,3,4,1,1,6,2,5,5,2,1,5,5,1,4,1,6,5,2,2,2,4,4,2,2,1,3,2,5,3,6,1
0.125647644792094,3,1,5,5,3,3,6,6,1,1,3,3,3,1,1,1,3,1,1,1,3,3,4,1,1,2,2,1,2,2,3,4,5,5,5,4,4,3,3,3,4,2,2,2,2,2,2,4,4,4,4,4,5,1,1,3,3,3,1,2,1,3,3,2,4,3,4,1,3,3,4,4,4,3,3,1,1,1,4,4,2,4,4,4,3,4,1,4,3,2,2,5,3,1,1,2,2,2,4,4,4,1,3,1,1,4,3,1,3,2,4,4,3,4,4,1,1,2,3,1,2,1,1,3,2,6,2,2,2,3,3,1,1,4,4,3,3,1,4,1,5,5,4,5,5,1,1,1,1,1,1,2,1,2,2,1,1,2,2,3,1,1,1,2,3,3
-1.72074098571698,115,20,5,5,3,3,4,4,3,1,3,2,2,2,4,2,2,3,6,6,6,6,6,6,6,6,6,6,6,6,6,6,6,6,6,6,6,6,1,3,2,3,3,1,1,6,6,6,6,6,6,6,6,6,6,6,3,2,6,6,6,6,6,6,6,6,6,6,3,3,4,4,4,6,6,6,6,6,6,6,6,6,6,6,6,6,6,6,6,6,6,6,6,6,6,6,6,6,6,6,6,6,6,6,6,6,6,6,6,6,6,6,6,6,6,6,6,6,6,6,6,6,6,6,6,6,2,2,3,3,3,1,1,1,4,6,6,6,6,6,6,6,6,1,5,2,2,6,6,6,6,6,6,6,6,1,1,4,2,1,4,1,2,2,2,2
0.947762290493213,22,1,6,5,3,3,3,6,1,6,1,2,3,1,6,4,3,6,3,3,3,6,4,2,1,2,6,6,4,1,6,4,5,2,2,3,4,3,3,3,1,1,6,2,6,2,4,3,4,4,6,4,4,1,1,1,3,3,2,2,3,3,6,1,3,2,1,1,3,3,4,4,4,3,3,1,1,1,4,4,2,4,4,5,3,5,3,4,4,2,6,2,3,2,3,2,2,4,4,5,4,3,3,4,6,6,6,6,6,6,4,6,3,2,3,3,2,1,4,1,2,6,2,4,3,2,2,2,3,3,3,1,1,1,2,3,3,1,1,1,1,5,4,2,2,1,1,2,4,1,2,2,2,2,2,1,1,2,2,1,1,4,2,3,3,1
0.112170355518305,30,6,6,6,6,6,1,3,2,1,3,2,3,1,1,2,2,6,1,1,3,3,4,6,6,6,6,6,1,3,2,3,3,6,6,6,6,6,3,3,4,1,2,2,1,6,6,6,6,5,4,4,4,1,1,3,2,2,2,1,1,1,1,1,1,2,4,4,3,6,4,4,3,3,3,1,1,1,6,6,6,4,4,5,5,4,1,4,2,2,2,2,3,3,3,1,2,2,2,5,4,4,3,4,4,2,2,1,1,1,2,2,3,3,3,3,1,1,3,6,2,1,1,6,6,6,4,2,5,3,3,1,1,4,1,2,2,1,1,1,1,5,4,2,2,2,2,1,1,1,1,2,2,4,2,5,5,4,2,1,1,2,2,3,3,3
-0.103466272862317,12,1,5,5,4,3,3,3,1,1,3,3,3,1,1,2,3,3,1,1,3,3,4,2,2,4,4,3,3,2,4,3,3,5,6,2,4,4,3,3,1,3,3,2,1,6,6,6,6,4,6,3,4,1,1,3,2,2,2,2,3,3,3,2,1,4,2,1,3,6,3,3,3,3,3,1,1,1,5,5,2,4,4,3,3,4,1,4,2,2,2,2,3,3,3,2,2,4,4,4,4,2,2,1,6,2,2,1,1,1,3,3,2,2,2,3,1,6,3,6,2,2,2,1,1,1,2,2,3,3,3,1,1,1,1,1,1,1,5,1,1,1,5,4,6,2,1,4,4,1,1,2,2,2,2,1,6,2,2,2,3,4,4,1,2,1
0.678216505017436,6,1,5,5,3,3,3,3,2,1,3,5,5,1,1,1,1,1,1,1,3,3,4,1,1,2,2,1,3,3,4,5,5,5,5,5,5,4,3,3,2,2,2,2,1,2,2,1,4,4,4,4,4,2,2,3,3,3,2,2,3,1,1,4,4,2,2,2,6,6,6,6,6,3,3,1,1,1,4,4,2,4,4,3,3,5,4,4,2,2,2,2,3,4,3,3,2,4,4,4,1,1,3,4,4,2,2,1,3,3,5,6,3,4,4,5,1,1,1,1,2,4,4,3,2,2,4,2,2,3,3,1,1,1,1,3,2,1,4,4,1,1,4,1,1,1,1,1,1,1,1,2,2,3,2,1,1,2,2,1,1,2,2,3,2,1
-0.0226025372195835,82,11,6,6,6,6,6,6,6,6,6,6,6,6,6,1,1,2,6,6,6,6,6,1,1,5,5,2,5,2,6,5,6,5,5,4,5,4,2,2,2,6,2,2,1,2,2,5,5,6,6,6,6,6,6,6,2,2,2,1,3,1,1,5,6,2,1,1,3,3,5,5,4,3,6,1,1,1,4,4,2,1,1,3,3,5,4,4,2,2,2,2,3,6,6,6,6,6,6,5,4,3,6,4,5,2,2,3,3,2,4,6,3,2,3,3,1,1,3,3,2,1,6,2,6,2,6,6,6,6,6,6,6,6,6,6,6,6,6,6,6,6,6,6,6,6,6,4,4,1,6,2,1,2,6,6,6,6,6,6,6,6,6,6,6,6
0.839943976302903,37,4,6,6,6,6,3,3,1,1,3,5,5,3,3,1,2,1,6,6,6,6,6,2,2,4,4,3,3,2,4,3,3,5,4,1,5,5,6,6,6,2,3,3,1,4,4,3,3,4,4,4,4,1,1,3,6,6,1,2,3,6,3,4,6,4,3,2,3,3,4,6,4,3,3,1,1,1,4,4,2,6,6,6,6,6,6,6,6,6,5,5,3,3,3,2,2,3,1,4,4,3,3,4,4,6,6,5,3,3,5,4,3,2,2,3,1,2,1,1,2,2,2,6,6,2,4,2,3,3,3,2,1,4,4,1,2,1,1,1,1,5,4,2,2,1,6,4,4,2,6,2,2,2,2,1,1,2,2,3,3,1,1,3,3,1
-1.63987725007425,166,30,6,6,6,6,6,6,6,6,6,6,6,6,6,6,6,6,6,6,6,6,6,6,6,6,6,6,6,6,6,6,6,6,6,6,6,6,6,6,6,6,6,6,6,6,6,6,6,6,6,6,6,6,6,6,6,6,6,6,6,6,6,6,6,6,6,6,6,6,6,6,6,6,6,6,6,6,6,6,6,6,6,6,6,6,6,6,6,6,6,6,6,6,6,6,6,6,6,6,6,6,6,6,6,6,6,6,6,6,6,6,6,6,6,6,6,6,6,6,6,6,6,6,6,6,2,2,3,3,3,1,1,1,4,6,6,6,6,6,6,6,6,6,6,6,6,6,6,6,6,6,6,6,6,6,6,6,6,6,6,6,6,6,6,6
-0.0495571157671612,81,14,5,5,4,3,4,6,1,6,3,3,3,1,5,6,6,6,1,6,3,3,4,4,1,3,4,2,2,2,6,1,1,5,2,3,4,4,6,6,6,6,6,6,6,6,6,6,6,4,6,4,6,1,6,3,2,6,6,6,6,6,6,6,6,6,6,6,6,6,6,6,6,6,6,6,6,6,6,6,6,4,4,2,3,1,6,6,6,6,6,6,6,4,4,2,2,4,2,6,6,6,6,6,6,6,6,6,6,6,6,6,6,6,6,6,6,6,6,6,6,6,6,6,6,6,4,1,3,3,3,1,1,1,4,3,3,1,4,1,5,6,4,2,2,2,1,2,2,1,1,2,1,2,2,1,1,2,2,4,5,2,2,2,3,1
0.0447839091493607,32,3,3,3,4,6,3,3,3,1,3,1,3,3,6,1,3,1,1,6,3,3,4,1,1,2,2,4,6,6,6,6,6,5,5,6,5,5,3,6,3,1,3,6,1,6,6,6,6,4,4,4,6,1,6,6,2,3,1,2,3,4,3,2,2,3,4,1,3,3,4,6,4,3,3,1,3,1,6,6,6,4,6,5,3,4,1,4,3,2,3,5,3,3,3,2,2,1,1,4,4,1,6,4,5,3,6,3,1,3,5,6,3,2,2,3,1,6,3,1,2,2,4,2,2,2,2,2,3,3,3,2,1,4,4,1,2,1,1,5,5,5,4,1,1,1,1,1,1,1,6,2,6,2,2,1,1,5,6,1,1,2,2,3,3,2
0.812989397755325,149,27,6,6,6,6,6,6,6,6,6,6,6,6,6,6,6,6,6,6,6,6,6,6,6,6,6,6,6,6,6,6,6,6,6,6,6,6,6,6,6,6,6,6,6,6,6,6,6,4,4,4,4,1,1,3,6,6,6,6,6,6,6,6,6,6,6,6,6,6,6,6,6,6,6,6,6,6,6,6,6,6,6,6,6,6,6,6,6,6,6,6,6,6,6,6,6,6,6,6,6,6,6,6,6,6,6,6,6,6,6,6,6,6,6,6,6,6,6,6,6,6,6,6,6,6,6,6,6,6,6,6,6,6,6,6,6,6,6,6,6,6,6,6,6,6,6,6,1,1,1,2,1,2,2,6,6,2,2,1,1,2,2,6,6,6
-0.157375429957472,93,14,5,6,3,6,6,6,2,6,1,5,6,3,3,6,6,6,6,6,6,6,6,3,6,4,6,4,1,3,2,5,3,2,2,1,1,3,3,6,2,6,4,4,2,6,6,6,6,6,6,6,6,6,6,6,3,6,6,6,6,6,6,6,6,6,6,6,1,1,4,6,4,2,6,1,4,3,6,6,6,6,6,6,6,6,6,6,6,6,6,6,6,3,6,2,2,2,2,4,6,2,4,2,2,4,4,1,2,3,6,6,6,6,6,6,6,6,6,6,6,6,6,6,6,6,1,6,5,3,3,2,6,2,4,1,3,1,4,4,5,6,4,2,1,1,6,1,1,1,1,2,1,2,2,6,6,6,6,6,6,6,6,1,6,3
-0.669512422361448,38,4,5,5,3,6,3,3,3,3,3,3,2,3,2,1,1,2,3,1,3,3,4,4,1,2,4,3,6,6,6,6,6,3,5,3,3,3,3,3,1,3,4,3,1,2,2,4,4,6,6,6,6,6,6,6,2,3,1,2,1,2,3,3,3,3,4,1,3,3,4,4,4,3,3,1,1,1,4,4,2,4,4,3,3,4,1,4,3,2,2,5,3,6,6,6,6,6,6,5,4,3,1,4,4,4,4,1,3,3,4,5,3,6,6,6,6,6,6,6,6,6,6,2,1,3,6,6,6,6,6,6,1,4,4,4,2,2,1,4,1,6,5,3,1,3,1,1,2,1,6,2,2,2,2,1,1,2,2,4,2,4,4,1,3,2
-0.912103629289647,84,9,6,3,4,3,3,3,1,1,1,3,2,3,1,1,1,3,6,6,3,3,4,3,3,3,6,2,2,1,1,3,5,6,6,6,6,6,6,6,6,3,1,1,3,3,3,6,2,6,6,6,6,6,6,6,1,6,3,6,4,6,6,6,6,6,6,6,3,3,3,3,3,6,6,6,6,6,3,6,3,6,6,3,3,3,5,5,6,6,6,6,6,2,6,2,6,3,6,6,6,3,3,3,3,6,6,6,6,6,6,6,6,6,6,6,6,6,6,6,6,6,6,6,6,6,2,6,3,6,3,1,6,4,6,4,6,1,3,2,1,1,1,2,6,1,6,6,6,1,1,1,2,3,6,1,6,4,4,2,2,3,6,3,3,3
1.29817181161172,73,14,2,6,3,3,6,6,1,1,3,2,2,3,3,1,3,1,5,1,3,3,4,2,2,4,2,1,6,6,6,6,6,3,3,2,6,6,3,3,3,6,1,1,1,6,6,6,6,4,4,4,4,1,1,3,6,6,6,6,6,6,6,6,6,6,6,6,2,2,2,2,3,6,6,6,6,6,6,6,6,6,4,3,3,4,1,1,2,2,2,2,3,6,6,6,6,6,6,6,6,6,6,6,6,6,6,6,6,6,6,6,6,6,6,6,6,6,6,6,6,6,6,6,6,6,2,2,3,3,3,1,1,2,4,1,1,1,4,4,4,1,4,5,5,1,1,1,1,1,1,2,2,2,2,1,6,2,2,2,2,2,2,3,3,1
1.39251283652825,46,7,5,5,3,3,3,3,1,1,3,3,6,1,1,5,3,1,1,1,4,4,4,1,1,4,4,1,2,2,4,5,5,5,5,4,4,4,3,3,2,2,4,4,1,3,3,1,1,6,6,6,6,6,6,6,3,3,2,2,3,3,6,4,4,2,2,2,3,3,4,4,4,3,6,1,1,1,4,6,2,4,4,3,3,5,4,4,6,6,6,6,6,2,3,2,2,4,4,6,6,6,6,6,6,6,6,6,6,6,6,6,6,6,6,6,6,6,6,6,6,6,6,6,6,6,2,2,3,3,3,1,1,1,1,3,3,1,1,4,5,5,4,2,2,2,1,4,4,1,6,2,1,2,6,1,1,2,2,1,1,2,2,3,3,1
-0.480830372528404,56,7,6,6,6,6,3,3,1,1,3,3,5,3,3,1,2,4,1,1,3,3,4,2,2,4,4,2,2,1,6,1,1,4,6,5,5,4,6,6,1,3,2,2,1,4,2,5,5,6,6,6,6,6,6,6,3,3,6,6,6,6,2,4,4,2,1,1,3,6,4,6,3,3,3,1,1,1,4,3,2,6,6,6,6,6,6,6,2,2,2,2,3,3,3,2,2,2,2,6,6,6,6,6,6,6,6,1,3,3,6,6,6,6,6,3,1,1,3,3,2,2,4,6,6,6,2,4,3,3,3,1,1,1,4,3,3,1,4,4,5,5,4,1,5,1,1,6,6,6,6,6,6,2,2,1,1,2,2,4,4,2,2,2,2,1
-1.55901351443151,59,10,3,5,3,4,3,3,1,1,1,4,2,3,6,2,2,5,6,6,6,6,6,3,2,5,3,4,1,1,3,2,2,6,6,6,6,6,1,1,1,1,1,3,1,2,2,2,2,6,6,6,6,6,6,6,6,6,5,3,2,2,2,2,2,1,2,5,6,6,6,6,6,6,6,6,6,6,6,6,6,4,3,2,4,4,1,1,2,5,3,4,2,6,6,6,6,6,6,4,6,4,3,4,3,6,6,6,6,6,1,2,3,2,2,3,1,2,2,2,2,2,4,2,2,2,6,6,6,6,6,6,6,6,6,2,6,2,1,1,1,1,1,3,5,2,1,2,2,1,6,2,2,4,4,1,1,2,2,3,3,6,2,1,1,3
1.51380843999234,27,4,5,5,3,3,3,4,2,1,3,3,3,1,6,1,1,1,1,1,3,3,4,1,1,4,2,3,1,1,4,3,3,5,5,4,4,4,3,3,4,4,2,2,1,3,6,1,1,2,4,4,4,2,2,3,2,6,2,2,3,6,6,4,3,2,4,6,1,3,3,3,4,3,6,1,1,1,4,6,2,6,6,6,6,6,6,6,6,6,6,6,6,4,4,2,2,4,4,4,4,3,3,4,4,2,2,1,3,3,6,6,6,4,4,3,1,1,1,1,2,1,6,6,6,6,2,2,3,3,3,1,1,4,4,3,3,3,4,4,5,5,5,3,1,3,3,2,2,1,1,2,1,2,2,2,1,2,2,1,1,1,1,3,3,1
1.64858133273023,10,1,2,5,3,3,3,3,1,1,3,3,3,1,1,1,3,3,1,1,3,3,4,1,1,2,2,3,3,3,4,5,6,5,5,4,4,3,3,3,2,2,3,3,1,4,6,2,6,6,6,6,6,6,6,6,3,3,2,2,3,3,3,4,4,2,1,1,3,3,4,4,4,3,3,1,1,1,4,4,2,4,5,3,3,5,4,3,2,2,5,2,3,3,3,2,2,2,2,4,4,3,3,1,1,5,1,1,3,3,5,5,1,3,3,1,1,1,1,1,2,1,1,1,3,2,2,2,3,3,3,2,1,2,2,1,1,1,1,1,1,5,4,1,1,1,1,2,4,1,1,2,2,2,2,1,1,2,2,4,4,2,2,3,3,1
0.0447839091493607,102,16,5,5,3,3,3,3,1,1,3,2,2,1,1,2,2,1,6,6,1,1,1,6,6,6,6,6,2,2,2,3,3,2,2,2,2,3,6,6,6,6,1,1,1,6,6,6,6,6,6,6,6,6,6,6,6,6,1,2,2,6,6,6,6,6,6,6,3,3,1,1,2,3,3,1,2,2,6,6,6,6,6,6,6,6,6,6,6,6,6,6,6,6,6,6,6,6,6,6,6,6,6,6,6,6,6,6,3,3,6,6,6,6,6,6,6,6,6,6,6,6,6,6,6,6,6,6,6,6,6,6,6,6,6,6,6,6,6,6,6,6,6,6,6,6,6,4,4,1,1,2,2,1,2,4,1,2,2,4,4,2,2,2,3,1
-0.696467000909026,11,1,3,3,5,4,3,3,1,1,3,5,3,3,1,3,2,3,1,1,2,2,5,1,1,5,5,3,1,1,2,5,3,5,5,4,4,4,3,3,3,3,2,1,1,1,3,4,4,6,6,6,6,6,6,6,3,3,2,2,3,3,1,2,2,3,4,4,3,3,4,4,4,1,1,1,1,1,1,2,2,6,6,3,3,3,5,4,2,2,2,2,3,2,2,1,2,4,4,5,4,3,6,2,4,4,2,4,3,3,2,3,1,6,4,4,2,1,3,3,2,3,4,1,2,1,4,2,4,4,4,2,1,2,4,2,2,1,1,1,4,4,1,2,2,4,1,1,2,1,1,2,2,4,4,1,1,2,2,1,1,1,1,3,3,3
